BSSID;SSID;room;num_measurements;mean;stddev
00:00:00:00:00:00;;C14_PLEA;60;-96;0
00:00:00:00:00:00;;C15_MTG;60;-96;0
00:02:6f:a3:b1:cd;;C1_AISLE1;18;-97;0
00:02:6f:a5:01:03;EnGenius1;C1_AISLE1;95;-93,65263158;2,061647869
00:02:6f:a5:01:03;EnGenius1;C10_AISLE10;6;-97;0
00:02:6f:a5:01:03;EnGenius1;C11_CONF_BTM;28;-94,64285714;2,003964325
00:02:6f:a5:01:03;EnGenius1;C12_CONF_TOP;62;-92,66129032;3,754531899
00:02:6f:a5:01:03;EnGenius1;C2_AISLE2;26;-93,11538462;2,471063303
00:0c:42:e0:7e:6e;RET WIFI;C12_CONF_TOP;6;-86;0
00:0c:42:e0:7e:6e;RET WIFI;C15_MTG;8;-84;0
00:0c:f6:2b:65:16;coolname;C1_AISLE1;9;-90;0
00:0c:f6:6c:cf:94;NaoNet;C1_AISLE1;1;-77;
00:0c:f6:6c:cf:94;NaoNet;C10_AISLE10;120;-84,26666667;2,255649614
00:0c:f6:6c:cf:94;NaoNet;C12_CONF_TOP;1;-71;
00:0c:f6:6c:cf:94;NaoNet;C16_FLEX_BTM;120;-67,40833333;3,686212862
00:0c:f6:6c:cf:94;NaoNet;C17_FLEX_TOP;120;-72,56666667;3,296887591
00:0c:f6:6c:cf:94;NaoNet;C4_AISLE4;69;-86,33333333;2,349384567
00:0c:f6:6c:cf:94;NaoNet;C5_AISLE5;9;-92;0
00:0c:f6:6c:cf:94;NaoNet;C6_AISLE6;51;-88,17647059;1,519287759
00:0c:f6:6c:cf:94;NaoNet;C7_AISLE7;174;-84,84482759;2,29703295
00:0c:f6:6c:cf:94;NaoNet;C8_AISLE8;120;-79,475;3,810561396
00:0c:f6:6c:cf:94;NaoNet;C9_AISLE9;180;-78,57222222;3,486655415
00:0c:f6:a3:21:98;Sitecoma32198;C1_AISLE1;1;-90;
00:0c:f6:a3:21:98;Sitecoma32198;C13_COFFEE;1;-82;
00:0c:f6:a3:21:98;Sitecoma32198;C14_PLEA;166;-88,46385542;1,697204712
00:0c:f6:a3:21:98;Sitecoma32198;C15_MTG;60;-86,51666667;1,81791151
00:0c:f6:a3:21:98;Sitecoma32198;C2_AISLE2;59;-90,71186441;1,160422745
00:0c:f6:a3:21:98;Sitecoma32198;C3_AISLE3;120;-86,48333333;2,64410978
00:0c:f6:a3:21:98;Sitecoma32198;C4_AISLE4;145;-82,27586207;4,210573263
00:0c:f6:a3:21:98;Sitecoma32198;C5_AISLE5;120;-81,16666667;3,866106402
00:0c:f6:a3:21:98;Sitecoma32198;C6_AISLE6;104;-85,54807692;2,587797383
00:0c:f6:a3:21:98;Sitecoma32198;C7_AISLE7;76;-88,60526316;1,781976037
00:0c:f6:a3:21:98;Sitecoma32198;C8_AISLE8;1;-91;
00:0c:f6:c2:d1:9c;SitecomC2D19C;C10_AISLE10;12;-85,5;1,566698904
00:0c:f6:c2:d1:9c;SitecomC2D19C;C12_CONF_TOP;1;-88;
00:0c:f6:c2:d1:9c;SitecomC2D19C;C16_FLEX_BTM;56;-85,375;4,145369816
00:0c:f6:c2:d1:9c;SitecomC2D19C;C17_FLEX_TOP;15;-89,6;0,507092553
00:0c:f6:c2:d1:9c;SitecomC2D19C;C4_AISLE4;1;-89;
00:0c:f6:c2:d1:9c;SitecomC2D19C;C7_AISLE7;8;-90;0
00:0c:f6:c2:d1:9c;SitecomC2D19C;C8_AISLE8;3;-89;0
00:0e:a6:27:4d:fb;KLINUX;C1_AISLE1;10;-86,2;0,632455532
00:0e:a6:27:4d:fb;KLINUX;C11_CONF_BTM;6;-89;0
00:0e:a6:27:4d:fb;KLINUX;C12_CONF_TOP;64;-84,390625;1,559580606
00:0e:a6:27:4d:fb;KLINUX;C14_PLEA;234;-84,23504274;2,396414211
00:0e:a6:27:4d:fb;KLINUX;C15_MTG;56;-85,44642857;1,438681756
00:0e:a6:27:4d:fb;KLINUX;C2_AISLE2;47;-85,4893617;1,120410259
00:0e:a6:27:4d:fb;KLINUX;C3_AISLE3;9;-90;0
00:11:d8:4c:ce:00;Owen;C1_AISLE1;12;-88,5;0,522232968
00:11:d8:4c:ce:00;Owen;C12_CONF_TOP;6;-91;0
00:13:c3:05:fb:54;tudelft-dastud;C9_AISLE9;9;-76;0
00:14:5c:84:78:a0;Bakkertje;C16_FLEX_BTM;12;-89;3,133397807
00:14:bf:dc:01:ff;;C1_AISLE1;34;-85,67647059;1,918341901
00:15:70:ad:99:c8;94EC1AD878;C1_AISLE1;16;-86,875;1,024695077
00:15:70:ad:99:c8;94EC1AD878;C10_AISLE10;6;-89;0
00:15:70:ad:99:c8;94EC1AD878;C14_PLEA;1;-88;
00:15:70:ad:99:c9;324AF938DB;C1_AISLE1;8;-84,25;2,314550249
00:15:70:ad:99:c9;324AF938DB;C14_PLEA;1;-88;
00:15:70:ad:99:ca;78F01EC46C;C1_AISLE1;15;-90,2;1,014185106
00:15:70:ad:99:ca;78F01EC46C;C10_AISLE10;6;-89;0
00:15:70:ad:99:ca;78F01EC46C;C12_CONF_TOP;7;-93;0
00:15:70:ad:99:ca;78F01EC46C;C14_PLEA;1;-89;
00:15:70:ad:99:cb;5F9949EB17;C1_AISLE1;30;-89,4;1,220514307
00:16:0a:18:95:0c;BALPOL162;C10_AISLE10;15;-86,6;0,507092553
00:16:0a:18:95:0c;BALPOL162;C9_AISLE9;8;-88;0
00:19:aa:76:70:00;;C1_AISLE1;15;-87;0
00:19:aa:76:70:00;;C13_COFFEE;9;-87;0
00:19:aa:76:70:00;;C16_FLEX_BTM;81;-84,0617284;3,191181909
00:19:aa:76:70:00;;C17_FLEX_TOP;12;-89;0
00:19:aa:76:70:00;;C7_AISLE7;11;-88,18181818;1,401298099
00:19:aa:76:70:00;;C8_AISLE8;9;-85;0
00:1b:11:69:55:8f;degeitisgemolken;C10_AISLE10;6;-88;0
00:1b:2b:69:47:d9;Conferentie-TUD;C12_CONF_TOP;6;-90;0
00:1b:2b:69:47:db;tudelft-dastud;C12_CONF_TOP;6;-90;0
00:1b:2b:69:47:db;tudelft-dastud;C14_PLEA;9;-92;0
00:1b:2b:69:47:dc;TUvisitor;C12_CONF_TOP;6;-92;0
00:1b:2b:69:47:df;eduroam;C12_CONF_TOP;6;-92;0
00:1b:90:76:cc:59;Conferentie-TUD;C10_AISLE10;6;-89;0
00:1b:90:76:cc:5b;tudelft-dastud;C10_AISLE10;6;-88;0
00:1b:90:76:cc:5c;TUvisitor;C10_AISLE10;6;-90;0
00:1b:90:76:cc:5f;eduroam;C10_AISLE10;6;-88;0
00:1b:90:76:ce:10;eduroam;C1_AISLE1;10;-81,2;2,529822128
00:1b:90:76:ce:10;eduroam;C12_CONF_TOP;50;-82,34;4,502199009
00:1b:90:76:ce:10;eduroam;C13_COFFEE;29;-78,5862069;2,485920947
00:1b:90:76:ce:10;eduroam;C14_PLEA;300;-71,94666667;2,571484135
00:1b:90:76:ce:10;eduroam;C15_MTG;180;-65,5;3,073585427
00:1b:90:76:ce:10;eduroam;C2_AISLE2;170;-78;2,660248687
00:1b:90:76:ce:10;eduroam;C3_AISLE3;180;-73,00555556;4,171594851
00:1b:90:76:ce:10;eduroam;C4_AISLE4;130;-78,5;2,597703219
00:1b:90:76:ce:10;eduroam;C5_AISLE5;14;-80,28571429;1,540657773
00:1b:90:76:ce:10;eduroam;C8_AISLE8;1;-72;
00:1b:90:76:ce:13;TUvisitor;C1_AISLE1;7;-80,14285714;2,267786838
00:1b:90:76:ce:13;TUvisitor;C11_CONF_BTM;11;-82,63636364;1,566698904
00:1b:90:76:ce:13;TUvisitor;C12_CONF_TOP;56;-80,46428571;1,249935063
00:1b:90:76:ce:13;TUvisitor;C13_COFFEE;33;-80,27272727;2,440193733
00:1b:90:76:ce:13;TUvisitor;C14_PLEA;300;-73,20666667;3,000104049
00:1b:90:76:ce:13;TUvisitor;C15_MTG;180;-67,32777778;3,328949631
00:1b:90:76:ce:13;TUvisitor;C2_AISLE2;163;-79;2,757705255
00:1b:90:76:ce:13;TUvisitor;C3_AISLE3;180;-74,28888889;3,808970431
00:1b:90:76:ce:13;TUvisitor;C4_AISLE4;131;-79,27480916;2,369853728
00:1b:90:76:ce:13;TUvisitor;C5_AISLE5;6;-82;0
00:1b:90:76:ce:13;TUvisitor;C8_AISLE8;1;-75;
00:1b:90:76:ce:14;tudelft-dastud;C1_AISLE1;1;-73;
00:1b:90:76:ce:14;tudelft-dastud;C12_CONF_TOP;66;-79,27272727;1,784940891
00:1b:90:76:ce:14;tudelft-dastud;C13_COFFEE;30;-78,83333333;2,182743186
00:1b:90:76:ce:14;tudelft-dastud;C14_PLEA;300;-71,26;2,99035238
00:1b:90:76:ce:14;tudelft-dastud;C15_MTG;180;-65,51111111;3,463277243
00:1b:90:76:ce:14;tudelft-dastud;C2_AISLE2;155;-76,65806452;2,963936286
00:1b:90:76:ce:14;tudelft-dastud;C3_AISLE3;180;-72,13888889;3,995477735
00:1b:90:76:ce:14;tudelft-dastud;C4_AISLE4;141;-77,9929078;2,303712699
00:1b:90:76:ce:14;tudelft-dastud;C5_AISLE5;7;-81;0
00:1b:90:76:ce:14;tudelft-dastud;C8_AISLE8;1;-75;
00:1b:90:76:ce:16;Conferentie-TUD;C1_AISLE1;1;-75;
00:1b:90:76:ce:16;Conferentie-TUD;C11_CONF_BTM;6;-81;0
00:1b:90:76:ce:16;Conferentie-TUD;C12_CONF_TOP;53;-80,50943396;1,760928967
00:1b:90:76:ce:16;Conferentie-TUD;C13_COFFEE;29;-79,51724138;2,798222518
00:1b:90:76:ce:16;Conferentie-TUD;C14_PLEA;300;-72,48;2,789660796
00:1b:90:76:ce:16;Conferentie-TUD;C15_MTG;180;-66,51666667;3,292916047
00:1b:90:76:ce:16;Conferentie-TUD;C2_AISLE2;153;-77,56862745;2,347352108
00:1b:90:76:ce:16;Conferentie-TUD;C3_AISLE3;180;-73,21111111;3,840374878
00:1b:90:76:ce:16;Conferentie-TUD;C4_AISLE4;139;-78,79856115;2,514248832
00:1b:90:76:ce:16;Conferentie-TUD;C5_AISLE5;6;-81;0
00:1b:90:76:ce:16;Conferentie-TUD;C8_AISLE8;1;-78;
00:1b:90:76:d3:f0;eduroam;C1_AISLE1;172;-75,86046512;2,886397989
00:1b:90:76:d3:f0;eduroam;C10_AISLE10;178;-71,17977528;1,977625111
00:1b:90:76:d3:f0;eduroam;C11_CONF_BTM;5;-75;0
00:1b:90:76:d3:f0;eduroam;C12_CONF_TOP;1;-73;
00:1b:90:76:d3:f0;eduroam;C13_COFFEE;122;-70,94262295;4,02533132
00:1b:90:76:d3:f0;eduroam;C14_PLEA;50;-73,78;5,051934364
00:1b:90:76:d3:f0;eduroam;C15_MTG;135;-74,54814815;3,672647015
00:1b:90:76:d3:f0;eduroam;C16_FLEX_BTM;218;-75,62385321;2,811395478
00:1b:90:76:d3:f0;eduroam;C17_FLEX_TOP;55;-77,30909091;3,635589143
00:1b:90:76:d3:f0;eduroam;C2_AISLE2;176;-74,45454545;2,148270219
00:1b:90:76:d3:f0;eduroam;C3_AISLE3;171;-70,8245614;4,35264412
00:1b:90:76:d3:f0;eduroam;C4_AISLE4;240;-66,40833333;3,873514472
00:1b:90:76:d3:f0;eduroam;C5_AISLE5;120;-60,31666667;2,550278724
00:1b:90:76:d3:f0;eduroam;C6_AISLE6;180;-47,77222222;2,046472795
00:1b:90:76:d3:f0;eduroam;C7_AISLE7;240;-58,90833333;3,289378961
00:1b:90:76:d3:f0;eduroam;C8_AISLE8;180;-68,52222222;2,450528516
00:1b:90:76:d3:f0;eduroam;C9_AISLE9;239;-70,05020921;2,718901695
00:1b:90:76:d3:f3;TUvisitor;C1_AISLE1;174;-76,06896552;2,680665535
00:1b:90:76:d3:f3;TUvisitor;C10_AISLE10;178;-71,94382022;3,362671626
00:1b:90:76:d3:f3;TUvisitor;C12_CONF_TOP;1;-77;
00:1b:90:76:d3:f3;TUvisitor;C13_COFFEE;20;-74,55;3,103054522
00:1b:90:76:d3:f3;TUvisitor;C14_PLEA;28;-78,21428571;5,26594329
00:1b:90:76:d3:f3;TUvisitor;C15_MTG;154;-77,6038961;4,062290849
00:1b:90:76:d3:f3;TUvisitor;C16_FLEX_BTM;220;-76,38636364;2,820472362
00:1b:90:76:d3:f3;TUvisitor;C17_FLEX_TOP;69;-79,20289855;1,762182054
00:1b:90:76:d3:f3;TUvisitor;C2_AISLE2;176;-75,82954545;2,424737233
00:1b:90:76:d3:f3;TUvisitor;C3_AISLE3;179;-72,09497207;4,623696582
00:1b:90:76:d3:f3;TUvisitor;C4_AISLE4;239;-66,26778243;6,736599498
00:1b:90:76:d3:f3;TUvisitor;C5_AISLE5;119;-60,89915966;6,014664224
00:1b:90:76:d3:f3;TUvisitor;C6_AISLE6;180;-48,83333333;6,42402961
00:1b:90:76:d3:f3;TUvisitor;C7_AISLE7;240;-57,075;6,113518185
00:1b:90:76:d3:f3;TUvisitor;C8_AISLE8;180;-66,21666667;5,271696323
00:1b:90:76:d3:f3;TUvisitor;C9_AISLE9;240;-71,43333333;3,475517079
00:1b:90:76:d3:f4;tudelft-dastud;C1_AISLE1;170;-74,30588235;3,028556511
00:1b:90:76:d3:f4;tudelft-dastud;C10_AISLE10;180;-70,43888889;3,580149944
00:1b:90:76:d3:f4;tudelft-dastud;C12_CONF_TOP;1;-74;
00:1b:90:76:d3:f4;tudelft-dastud;C13_COFFEE;21;-72,52380952;2,821684738
00:1b:90:76:d3:f4;tudelft-dastud;C14_PLEA;49;-76,93877551;4,74959719
00:1b:90:76:d3:f4;tudelft-dastud;C15_MTG;152;-76,10526316;3,515637526
00:1b:90:76:d3:f4;tudelft-dastud;C16_FLEX_BTM;227;-75,23348018;2,43556389
00:1b:90:76:d3:f4;tudelft-dastud;C17_FLEX_TOP;75;-77,17333333;2,580453204
00:1b:90:76:d3:f4;tudelft-dastud;C2_AISLE2;174;-73,5;2,946046631
00:1b:90:76:d3:f4;tudelft-dastud;C3_AISLE3;179;-71,00558659;4,772930703
00:1b:90:76:d3:f4;tudelft-dastud;C4_AISLE4;239;-64,48535565;6,980675229
00:1b:90:76:d3:f4;tudelft-dastud;C5_AISLE5;118;-58,94915254;5,514313089
00:1b:90:76:d3:f4;tudelft-dastud;C6_AISLE6;180;-46,66666667;6,288235002
00:1b:90:76:d3:f4;tudelft-dastud;C7_AISLE7;240;-55,27916667;5,920779603
00:1b:90:76:d3:f4;tudelft-dastud;C8_AISLE8;180;-64,56111111;4,890035346
00:1b:90:76:d3:f4;tudelft-dastud;C9_AISLE9;239;-69,55648536;3,543835604
00:1b:90:76:d3:f6;Conferentie-TUD;C1_AISLE1;173;-75,53757225;3,230492241
00:1b:90:76:d3:f6;Conferentie-TUD;C10_AISLE10;174;-70,98275862;3,055316863
00:1b:90:76:d3:f6;Conferentie-TUD;C12_CONF_TOP;1;-76;
00:1b:90:76:d3:f6;Conferentie-TUD;C13_COFFEE;21;-73,66666667;4,066120182
00:1b:90:76:d3:f6;Conferentie-TUD;C14_PLEA;35;-77,31428571;5,267946517
00:1b:90:76:d3:f6;Conferentie-TUD;C15_MTG;160;-77,3375;3,462081208
00:1b:90:76:d3:f6;Conferentie-TUD;C16_FLEX_BTM;233;-76,09012876;2,36998772
00:1b:90:76:d3:f6;Conferentie-TUD;C17_FLEX_TOP;66;-78,1969697;2,655732244
00:1b:90:76:d3:f6;Conferentie-TUD;C2_AISLE2;179;-75,22905028;2,980846101
00:1b:90:76:d3:f6;Conferentie-TUD;C3_AISLE3;179;-71,44134078;5,084750322
00:1b:90:76:d3:f6;Conferentie-TUD;C4_AISLE4;239;-65,74895397;6,897489873
00:1b:90:76:d3:f6;Conferentie-TUD;C5_AISLE5;119;-60,44537815;5,345198192
00:1b:90:76:d3:f6;Conferentie-TUD;C6_AISLE6;180;-47,97222222;6,250301048
00:1b:90:76:d3:f6;Conferentie-TUD;C7_AISLE7;240;-56,63333333;6,054747898
00:1b:90:76:d3:f6;Conferentie-TUD;C8_AISLE8;180;-65,78333333;5,163554057
00:1b:90:76:d3:f6;Conferentie-TUD;C9_AISLE9;240;-70,5375;3,537996088
00:1b:b1:ef:b0:9c;BW1082;C1_AISLE1;18;-90,66666667;1,283377896
00:1b:b1:ef:b0:9c;BW1082;C12_CONF_TOP;6;-91;0
00:1d:19:99:4b:d7;kvz360;C13_COFFEE;10;-92;0
00:1d:19:99:4b:d7;kvz360;C16_FLEX_BTM;6;-90;0
00:1d:c9:07:24:b1;PHEVBP;C11_CONF_BTM;6;-89;0
00:1d:c9:07:24:b1;PHEVBP;C9_AISLE9;9;-87;0
00:1e:c1:4d:0a:be;hordijkdelft;C1_AISLE1;57;-88,89473684;2,023824266
00:1e:c1:4d:0a:be;hordijkdelft;C2_AISLE2;10;-90,6;1,264911064
00:22:f7:20:a1:98;C150BRS4;C1_AISLE1;33;-87,54545455;0,794154782
00:22:f7:20:a1:98;C150BRS4;C10_AISLE10;10;-90,4;5,059644256
00:22:f7:20:a1:98;C150BRS4;C12_CONF_TOP;1;-83;
00:22:f7:20:a1:98;C150BRS4;C13_COFFEE;17;-89,82352941;2,324739075
00:22:f7:20:a1:98;C150BRS4;C14_PLEA;25;-90,36;2,177154106
00:22:f7:20:a1:98;C150BRS4;C15_MTG;159;-88,24528302;2,591898237
00:22:f7:20:a1:98;C150BRS4;C16_FLEX_BTM;88;-87,44318182;2,154161727
00:22:f7:20:a1:98;C150BRS4;C17_FLEX_TOP;12;-90;0
00:22:f7:20:a1:98;C150BRS4;C2_AISLE2;89;-89,79775281;2,169938077
00:22:f7:20:a1:98;C150BRS4;C3_AISLE3;163;-87,3803681;3,095613362
00:22:f7:20:a1:98;C150BRS4;C4_AISLE4;239;-82,10878661;5,056475816
00:22:f7:20:a1:98;C150BRS4;C5_AISLE5;119;-68,95798319;4,771729882
00:22:f7:20:a1:98;C150BRS4;C6_AISLE6;180;-76,55;3,87986494
00:22:f7:20:a1:98;C150BRS4;C7_AISLE7;236;-82,3220339;3,287322796
00:22:f7:20:a1:98;C150BRS4;C8_AISLE8;152;-87,80263158;1,631800995
00:22:f7:20:a1:98;C150BRS4;C9_AISLE9;53;-88,47169811;2,350153625
00:23:6c:8a:47:70;VaLi;C7_AISLE7;15;-88,6;2,028370211
00:23:6c:8a:47:70;VaLi;C8_AISLE8;8;-88;0
00:24:01:24:6d:21;EWI public;C1_AISLE1;6;-89;0
00:24:97:17:6f:d0;;C1_AISLE1;6;-86;0
00:24:97:17:6f:d0;;C11_CONF_BTM;3;-87;0
00:24:97:17:6f:d0;;C12_CONF_TOP;1;-87;
00:25:86:4c:5d:14;TP-LINK_4C5D14;C10_AISLE10;43;-85,88372093;1,650530973
00:25:86:4c:5d:14;TP-LINK_4C5D14;C17_FLEX_TOP;6;-89;0
00:25:86:4c:5d:14;TP-LINK_4C5D14;C9_AISLE9;28;-86,07142857;3,287784027
00:25:9c:2b:61:ea;Wireless KTV;C10_AISLE10;6;-88;0
00:25:9c:ca:87:ee;mfold-linksys;C1_AISLE1;110;-87,45454545;2,375858565
00:25:9c:ca:87:ee;mfold-linksys;C10_AISLE10;129;-85,80620155;3,013193694
00:25:9c:ca:87:ee;mfold-linksys;C12_CONF_TOP;1;-81;
00:25:9c:ca:87:ee;mfold-linksys;C13_COFFEE;11;-80,36363636;0,924416278
00:25:9c:ca:87:ee;mfold-linksys;C14_PLEA;137;-88,65693431;2,771806472
00:25:9c:ca:87:ee;mfold-linksys;C15_MTG;172;-84,87790698;3,280668209
00:25:9c:ca:87:ee;mfold-linksys;C16_FLEX_BTM;183;-85,96174863;2,939623434
00:25:9c:ca:87:ee;mfold-linksys;C17_FLEX_TOP;58;-87,20689655;1,784520386
00:25:9c:ca:87:ee;mfold-linksys;C2_AISLE2;150;-86,41333333;2,53349817
00:25:9c:ca:87:ee;mfold-linksys;C3_AISLE3;179;-82,68156425;3,921167822
00:25:9c:ca:87:ee;mfold-linksys;C4_AISLE4;240;-76,85833333;5,806209104
00:25:9c:ca:87:ee;mfold-linksys;C5_AISLE5;120;-62,38333333;4,683572818
00:25:9c:ca:87:ee;mfold-linksys;C6_AISLE6;173;-70,03468208;4,773833662
00:25:9c:ca:87:ee;mfold-linksys;C7_AISLE7;226;-78,10619469;4,356069241
00:25:9c:ca:87:ee;mfold-linksys;C8_AISLE8;160;-82,70625;4,38493257
00:25:9c:ca:87:ee;mfold-linksys;C9_AISLE9;161;-85,2484472;3,593450737
00:26:5a:23:a0:e4;dlink-han;C1_AISLE1;6;-91;0
00:26:5a:a9:99:46;mfold-dlink;C1_AISLE1;25;-84,76;2,107130751
00:26:5a:a9:99:46;mfold-dlink;C10_AISLE10;47;-83,68085106;1,217738156
00:26:5a:a9:99:46;mfold-dlink;C12_CONF_TOP;12;-89,5;1,566698904
00:26:5a:a9:99:46;mfold-dlink;C13_COFFEE;11;-78,18181818;0,603022689
00:26:5a:a9:99:46;mfold-dlink;C14_PLEA;45;-86,13333333;5,825492566
00:26:5a:a9:99:46;mfold-dlink;C15_MTG;76;-79,09210526;4,937415333
00:26:5a:a9:99:46;mfold-dlink;C16_FLEX_BTM;32;-87,5;2,063507818
00:26:5a:a9:99:46;mfold-dlink;C17_FLEX_TOP;6;-88;0
00:26:5a:a9:99:46;mfold-dlink;C2_AISLE2;64;-82,875;3,248931448
00:26:5a:a9:99:46;mfold-dlink;C3_AISLE3;148;-76,93243243;3,471285833
00:26:5a:a9:99:46;mfold-dlink;C4_AISLE4;235;-72,05957447;4,85832001
00:26:5a:a9:99:46;mfold-dlink;C5_AISLE5;120;-58,31666667;4,072831347
00:26:5a:a9:99:46;mfold-dlink;C6_AISLE6;168;-67,32142857;5,245267532
00:26:5a:a9:99:46;mfold-dlink;C7_AISLE7;222;-75,26126126;3,730058196
00:26:5a:a9:99:46;mfold-dlink;C8_AISLE8;88;-78,51136364;3,162257008
00:26:5a:a9:99:46;mfold-dlink;C9_AISLE9;58;-82,67241379;4,231825665
00:40:5a:ac:e0:00;;C16_FLEX_BTM;6;-78;0
00:40:5a:ac:e0:01;U+Net e003;C16_FLEX_BTM;17;-86,11764706;1,409004655
00:40:5a:ac:e0:01;U+Net e003;C17_FLEX_TOP;6;-85;0
02:23:b3:73:f0:6e;HP8E941D;C1_AISLE1;6;-89;0
04:84:8a:00:31:38;7inova_003138;C1_AISLE1;14;-82,85714286;3,009143575
04:84:8a:00:31:38;7inova_003138;C16_FLEX_BTM;26;-84,69230769;3,056393048
04:84:8a:00:31:38;7inova_003138;C17_FLEX_TOP;6;-90;0
04:a1:51:af:30:21;NETGEAR73;C10_AISLE10;9;-88;0
04:a1:51:af:30:21;NETGEAR73;C9_AISLE9;6;-87;0
08:86:3b:98:8e:9d;belkin.3e9d;C12_CONF_TOP;1;-91;
08:86:3b:98:8e:9d;belkin.3e9d;C16_FLEX_BTM;2;-91;0
08:86:3b:98:8e:9d;belkin.3e9d;C17_FLEX_TOP;6;-89;0
0c:82:68:61:95:68;linpr;C13_COFFEE;8;-89;0
0c:82:68:91:5e:c4;This is also not your WIFI.;C17_FLEX_TOP;6;-90;0
10:fe:ed:dd:5a:36;TP-LINK_rabbit_he;C10_AISLE10;9;-92;0
10:fe:ed:dd:5a:36;TP-LINK_rabbit_he;C16_FLEX_BTM;69;-86,52173913;3,155800894
10:fe:ed:dd:5a:36;TP-LINK_rabbit_he;C17_FLEX_TOP;57;-89,31578947;1,649219455
1c:aa:07:6e:31:a0;eduroam;C1_AISLE1;1;-78;
1c:aa:07:6e:31:a0;eduroam;C10_AISLE10;141;-65,11347518;3,533699394
1c:aa:07:6e:31:a0;eduroam;C16_FLEX_BTM;151;-66,82781457;2,717257415
1c:aa:07:6e:31:a0;eduroam;C17_FLEX_TOP;84;-60,46428571;3,114081615
1c:aa:07:6e:31:a0;eduroam;C6_AISLE6;1;-80;
1c:aa:07:6e:31:a0;eduroam;C7_AISLE7;50;-77,54;1,981650518
1c:aa:07:6e:31:a0;eduroam;C8_AISLE8;67;-76,11940299;3,448857466
1c:aa:07:6e:31:a0;eduroam;C9_AISLE9;157;-67,45859873;4,455607884
1c:aa:07:6e:31:a3;TUvisitor;C10_AISLE10;112;-64,24107143;4,056460836
1c:aa:07:6e:31:a3;TUvisitor;C12_CONF_TOP;1;-64;
1c:aa:07:6e:31:a3;TUvisitor;C16_FLEX_BTM;158;-65,2721519;4,414291691
1c:aa:07:6e:31:a3;TUvisitor;C17_FLEX_TOP;83;-59,4939759;4,570247082
1c:aa:07:6e:31:a3;TUvisitor;C4_AISLE4;9;-78;0
1c:aa:07:6e:31:a3;TUvisitor;C6_AISLE6;2;-80;4,242640687
1c:aa:07:6e:31:a3;TUvisitor;C7_AISLE7;58;-79,70689655;2,060562184
1c:aa:07:6e:31:a3;TUvisitor;C8_AISLE8;70;-74,3;3,209361307
1c:aa:07:6e:31:a3;TUvisitor;C9_AISLE9;174;-68,66666667;4,185487359
1c:aa:07:6e:31:a4;tudelft-dastud;C1_AISLE1;1;-79;
1c:aa:07:6e:31:a4;tudelft-dastud;C10_AISLE10;115;-64,09565217;3,982360036
1c:aa:07:6e:31:a4;tudelft-dastud;C16_FLEX_BTM;137;-66,81751825;2,196986499
1c:aa:07:6e:31:a4;tudelft-dastud;C17_FLEX_TOP;78;-62;3,388291528
1c:aa:07:6e:31:a4;tudelft-dastud;C7_AISLE7;20;-75,75;1,650358813
1c:aa:07:6e:31:a4;tudelft-dastud;C8_AISLE8;95;-76,12631579;3,70520653
1c:aa:07:6e:31:a4;tudelft-dastud;C9_AISLE9;164;-69,3902439;4,013034277
1c:aa:07:6e:31:a6;Conferentie-TUD;C1_AISLE1;1;-71;
1c:aa:07:6e:31:a6;Conferentie-TUD;C10_AISLE10;180;-63,22222222;3,414650584
1c:aa:07:6e:31:a6;Conferentie-TUD;C12_CONF_TOP;1;-65;
1c:aa:07:6e:31:a6;Conferentie-TUD;C13_COFFEE;1;-72;
1c:aa:07:6e:31:a6;Conferentie-TUD;C16_FLEX_BTM;240;-65,66666667;3,577786729
1c:aa:07:6e:31:a6;Conferentie-TUD;C17_FLEX_TOP;120;-59,91666667;3,78316335
1c:aa:07:6e:31:a6;Conferentie-TUD;C4_AISLE4;46;-80,26086957;1,925671976
1c:aa:07:6e:31:a6;Conferentie-TUD;C6_AISLE6;10;-78,2;0,632455532
1c:aa:07:6e:31:a6;Conferentie-TUD;C7_AISLE7;130;-78,6;2,631355356
1c:aa:07:6e:31:a6;Conferentie-TUD;C8_AISLE8;179;-76,37430168;2,850115105
1c:aa:07:6e:31:a6;Conferentie-TUD;C9_AISLE9;240;-67,475;3,79707551
1c:aa:07:6e:31:a9;Conferentie-TUD;C1_AISLE1;1;-73;
1c:aa:07:6e:31:a9;Conferentie-TUD;C10_AISLE10;180;-74,88888889;5,390752364
1c:aa:07:6e:31:a9;Conferentie-TUD;C12_CONF_TOP;1;-81;
1c:aa:07:6e:31:a9;Conferentie-TUD;C13_COFFEE;1;-68;
1c:aa:07:6e:31:a9;Conferentie-TUD;C16_FLEX_BTM;240;-74,87916667;5,402423071
1c:aa:07:6e:31:a9;Conferentie-TUD;C17_FLEX_TOP;120;-66,625;4,02317342
1c:aa:07:6e:31:a9;Conferentie-TUD;C4_AISLE4;37;-89,91891892;1,299110345
1c:aa:07:6e:31:a9;Conferentie-TUD;C6_AISLE6;9;-90;0
1c:aa:07:6e:31:a9;Conferentie-TUD;C7_AISLE7;79;-89,18987342;3,336188326
1c:aa:07:6e:31:a9;Conferentie-TUD;C8_AISLE8;180;-85,87777778;3,453854709
1c:aa:07:6e:31:a9;Conferentie-TUD;C9_AISLE9;240;-79,07083333;4,404161133
1c:aa:07:6e:31:ab;tudelft-dastud;C1_AISLE1;1;-71;
1c:aa:07:6e:31:ab;tudelft-dastud;C10_AISLE10;180;-73,32222222;5,337393706
1c:aa:07:6e:31:ab;tudelft-dastud;C12_CONF_TOP;1;-82;
1c:aa:07:6e:31:ab;tudelft-dastud;C13_COFFEE;1;-67;
1c:aa:07:6e:31:ab;tudelft-dastud;C16_FLEX_BTM;240;-73,27916667;5,462805321
1c:aa:07:6e:31:ab;tudelft-dastud;C17_FLEX_TOP;120;-65,16666667;3,760326585
1c:aa:07:6e:31:ab;tudelft-dastud;C4_AISLE4;7;-82;0
1c:aa:07:6e:31:ab;tudelft-dastud;C6_AISLE6;1;-85;
1c:aa:07:6e:31:ab;tudelft-dastud;C7_AISLE7;24;-85,125;4,465447054
1c:aa:07:6e:31:ab;tudelft-dastud;C8_AISLE8;177;-83,62711864;3,0575817
1c:aa:07:6e:31:ab;tudelft-dastud;C9_AISLE9;240;-77,77916667;4,294248286
1c:aa:07:6e:31:ac;TUvisitor;C1_AISLE1;1;-73;
1c:aa:07:6e:31:ac;TUvisitor;C10_AISLE10;180;-74,42777778;5,408487594
1c:aa:07:6e:31:ac;TUvisitor;C12_CONF_TOP;1;-82;
1c:aa:07:6e:31:ac;TUvisitor;C13_COFFEE;1;-68;
1c:aa:07:6e:31:ac;TUvisitor;C16_FLEX_BTM;240;-74,21666667;5,446865182
1c:aa:07:6e:31:ac;TUvisitor;C17_FLEX_TOP;120;-66,20833333;3,786077621
1c:aa:07:6e:31:ac;TUvisitor;C4_AISLE4;7;-84;0
1c:aa:07:6e:31:ac;TUvisitor;C6_AISLE6;1;-88;
1c:aa:07:6e:31:ac;TUvisitor;C7_AISLE7;21;-84,57142857;4,069046922
1c:aa:07:6e:31:ac;TUvisitor;C8_AISLE8;177;-84,76271186;3,142481918
1c:aa:07:6e:31:ac;TUvisitor;C9_AISLE9;240;-78,60833333;4,268784887
1c:aa:07:6e:31:af;eduroam;C1_AISLE1;1;-70;
1c:aa:07:6e:31:af;eduroam;C10_AISLE10;180;-73,96111111;5,295052913
1c:aa:07:6e:31:af;eduroam;C12_CONF_TOP;1;-82;
1c:aa:07:6e:31:af;eduroam;C13_COFFEE;1;-67;
1c:aa:07:6e:31:af;eduroam;C16_FLEX_BTM;240;-73,6625;5,302427998
1c:aa:07:6e:31:af;eduroam;C17_FLEX_TOP;120;-66,225;3,831454295
1c:aa:07:6e:31:af;eduroam;C4_AISLE4;7;-83;0
1c:aa:07:6e:31:af;eduroam;C6_AISLE6;9;-91;0
1c:aa:07:6e:31:af;eduroam;C7_AISLE7;24;-87,75;5,277103949
1c:aa:07:6e:31:af;eduroam;C8_AISLE8;174;-83,99425287;3,148533242
1c:aa:07:6e:31:af;eduroam;C9_AISLE9;240;-78,32916667;4,110907948
1c:aa:07:7b:28:00;eduroam;C1_AISLE1;153;-62,67973856;12,37923431
1c:aa:07:7b:28:00;eduroam;C11_CONF_BTM;40;-51,025;2,877743953
1c:aa:07:7b:28:00;eduroam;C12_CONF_TOP;118;-48,58474576;3,717195596
1c:aa:07:7b:28:00;eduroam;C13_COFFEE;35;-71,85714286;8,868791473
1c:aa:07:7b:28:00;eduroam;C14_PLEA;276;-65,18115942;8,482054217
1c:aa:07:7b:28:00;eduroam;C15_MTG;156;-72,06410256;4,527592093
1c:aa:07:7b:28:00;eduroam;C2_AISLE2;152;-67,61184211;8,447774378
1c:aa:07:7b:28:00;eduroam;C3_AISLE3;179;-70,16759777;7,834299431
1c:aa:07:7b:28:00;eduroam;C4_AISLE4;99;-74,58585859;3,886160954
1c:aa:07:7b:28:00;eduroam;C5_AISLE5;24;-78,875;4,003395298
1c:aa:07:7b:28:00;eduroam;C6_AISLE6;25;-79,52;1,194431524
1c:aa:07:7b:28:00;eduroam;C7_AISLE7;14;-79;0
1c:aa:07:7b:28:00;eduroam;C8_AISLE8;10;-78,1;6,008327554
1c:aa:07:7b:28:00;eduroam;C9_AISLE9;9;-79;0
1c:aa:07:7b:28:03;TUvisitor;C1_AISLE1;155;-53,87096774;5,344872136
1c:aa:07:7b:28:03;TUvisitor;C11_CONF_BTM;57;-51,33333333;5,0083264
1c:aa:07:7b:28:03;TUvisitor;C12_CONF_TOP;103;-49,38834951;4,085442856
1c:aa:07:7b:28:03;TUvisitor;C13_COFFEE;43;-78,65116279;6,830895225
1c:aa:07:7b:28:03;TUvisitor;C14_PLEA;233;-60,86695279;3,919928932
1c:aa:07:7b:28:03;TUvisitor;C15_MTG;148;-69,72297297;3,592927569
1c:aa:07:7b:28:03;TUvisitor;C2_AISLE2;165;-63,07272727;5,870101628
1c:aa:07:7b:28:03;TUvisitor;C3_AISLE3;106;-71,23584906;3,473853046
1c:aa:07:7b:28:03;TUvisitor;C4_AISLE4;83;-76,30120482;4,276238773
1c:aa:07:7b:28:03;TUvisitor;C5_AISLE5;52;-80,67307692;3,959209437
1c:aa:07:7b:28:03;TUvisitor;C6_AISLE6;40;-79,95;2,171493637
1c:aa:07:7b:28:03;TUvisitor;C7_AISLE7;15;-82,4;2,028370211
1c:aa:07:7b:28:03;TUvisitor;C8_AISLE8;1;-76;
1c:aa:07:7b:28:04;tudelft-dastud;C1_AISLE1;131;-52,45038168;4,255699781
1c:aa:07:7b:28:04;tudelft-dastud;C11_CONF_BTM;33;-53,21212121;5,54953588
1c:aa:07:7b:28:04;tudelft-dastud;C12_CONF_TOP;146;-47,47945205;4,130991662
1c:aa:07:7b:28:04;tudelft-dastud;C13_COFFEE;18;-66,11111111;5,411196333
1c:aa:07:7b:28:04;tudelft-dastud;C14_PLEA;253;-61,07905138;4,641265466
1c:aa:07:7b:28:04;tudelft-dastud;C15_MTG;127;-68,41732283;3,003809605
1c:aa:07:7b:28:04;tudelft-dastud;C2_AISLE2;129;-60,76744186;6,667917155
1c:aa:07:7b:28:04;tudelft-dastud;C3_AISLE3;111;-70,07207207;5,082432688
1c:aa:07:7b:28:04;tudelft-dastud;C4_AISLE4;83;-72,57831325;3,663000509
1c:aa:07:7b:28:04;tudelft-dastud;C5_AISLE5;32;-77,25;1,586231078
1c:aa:07:7b:28:04;tudelft-dastud;C6_AISLE6;14;-81,92857143;2,164904891
1c:aa:07:7b:28:04;tudelft-dastud;C7_AISLE7;14;-79;0
1c:aa:07:7b:28:04;tudelft-dastud;C8_AISLE8;1;-73;
1c:aa:07:7b:28:06;Conferentie-TUD;C1_AISLE1;180;-51,55;4,407047429
1c:aa:07:7b:28:06;Conferentie-TUD;C11_CONF_BTM;60;-50,36666667;3,640481746
1c:aa:07:7b:28:06;Conferentie-TUD;C12_CONF_TOP;180;-46,75;4,080030398
1c:aa:07:7b:28:06;Conferentie-TUD;C13_COFFEE;155;-79,50967742;3,790568853
1c:aa:07:7b:28:06;Conferentie-TUD;C14_PLEA;300;-59,69333333;3,73440421
1c:aa:07:7b:28:06;Conferentie-TUD;C15_MTG;178;-67,83146067;3,588229203
1c:aa:07:7b:28:06;Conferentie-TUD;C2_AISLE2;180;-62,13888889;5,598048232
1c:aa:07:7b:28:06;Conferentie-TUD;C3_AISLE3;167;-71,52694611;3,73329915
1c:aa:07:7b:28:06;Conferentie-TUD;C4_AISLE4;136;-73,33823529;4,190324991
1c:aa:07:7b:28:06;Conferentie-TUD;C5_AISLE5;35;-77,94285714;1,862049111
1c:aa:07:7b:28:06;Conferentie-TUD;C6_AISLE6;30;-78,83333333;2,925315584
1c:aa:07:7b:28:06;Conferentie-TUD;C7_AISLE7;3;-80;0
1c:aa:07:7b:28:06;Conferentie-TUD;C8_AISLE8;18;-82,33333333;2,828427125
1c:aa:07:7b:28:06;Conferentie-TUD;C9_AISLE9;17;-79,88235294;0,927520414
1c:aa:07:7b:28:09;Conferentie-TUD;C1_AISLE1;180;-60,68888889;5,170056556
1c:aa:07:7b:28:09;Conferentie-TUD;C11_CONF_BTM;60;-51,45;5,324790121
1c:aa:07:7b:28:09;Conferentie-TUD;C12_CONF_TOP;180;-49,48333333;4,641896886
1c:aa:07:7b:28:09;Conferentie-TUD;C13_COFFEE;72;-87,73611111;4,045491511
1c:aa:07:7b:28:09;Conferentie-TUD;C14_PLEA;300;-67,25666667;6,04532398
1c:aa:07:7b:28:09;Conferentie-TUD;C15_MTG;180;-77,91111111;5,158156625
1c:aa:07:7b:28:09;Conferentie-TUD;C2_AISLE2;180;-73,92222222;6,805728408
1c:aa:07:7b:28:09;Conferentie-TUD;C3_AISLE3;180;-84,45555556;4,025508361
1c:aa:07:7b:28:09;Conferentie-TUD;C4_AISLE4;192;-87,859375;2,427162095
1c:aa:07:7b:28:09;Conferentie-TUD;C5_AISLE5;45;-87,15555556;2,110100768
1c:aa:07:7b:28:09;Conferentie-TUD;C6_AISLE6;73;-87,75342466;1,552603744
1c:aa:07:7b:28:09;Conferentie-TUD;C7_AISLE7;1;-88;
1c:aa:07:7b:28:09;Conferentie-TUD;C8_AISLE8;6;-83,83333333;0,98319208
1c:aa:07:7b:28:0b;tudelft-dastud;C1_AISLE1;180;-59,36666667;5,01160664
1c:aa:07:7b:28:0b;tudelft-dastud;C11_CONF_BTM;60;-49,61666667;5,483694371
1c:aa:07:7b:28:0b;tudelft-dastud;C12_CONF_TOP;180;-47,98333333;4,6838305
1c:aa:07:7b:28:0b;tudelft-dastud;C13_COFFEE;31;-82,96774194;2,94939396
1c:aa:07:7b:28:0b;tudelft-dastud;C14_PLEA;300;-66,11;5,81526362
1c:aa:07:7b:28:0b;tudelft-dastud;C15_MTG;179;-76,82681564;4,895326414
1c:aa:07:7b:28:0b;tudelft-dastud;C2_AISLE2;180;-72,52222222;6,701501171
1c:aa:07:7b:28:0b;tudelft-dastud;C3_AISLE3;180;-83,05;3,862547572
1c:aa:07:7b:28:0b;tudelft-dastud;C4_AISLE4;159;-85,43396226;2,33717427
1c:aa:07:7b:28:0b;tudelft-dastud;C5_AISLE5;37;-85,54054054;2,734497665
1c:aa:07:7b:28:0b;tudelft-dastud;C6_AISLE6;52;-86,96153846;2,248847535
1c:aa:07:7b:28:0b;tudelft-dastud;C7_AISLE7;9;-89;0
1c:aa:07:7b:28:0b;tudelft-dastud;C8_AISLE8;8;-84,5;3,207134903
1c:aa:07:7b:28:0c;TUvisitor;C1_AISLE1;180;-60,27222222;5,098833863
1c:aa:07:7b:28:0c;TUvisitor;C11_CONF_BTM;60;-51,1;5,274498932
1c:aa:07:7b:28:0c;TUvisitor;C12_CONF_TOP;180;-49,11666667;4,650073586
1c:aa:07:7b:28:0c;TUvisitor;C13_COFFEE;37;-84,89189189;4,053693678
1c:aa:07:7b:28:0c;TUvisitor;C14_PLEA;300;-66,87;5,851544118
1c:aa:07:7b:28:0c;TUvisitor;C15_MTG;179;-77,54189944;4,872783711
1c:aa:07:7b:28:0c;TUvisitor;C2_AISLE2;180;-73,46666667;6,689773735
1c:aa:07:7b:28:0c;TUvisitor;C3_AISLE3;180;-83,96111111;4,072477303
1c:aa:07:7b:28:0c;TUvisitor;C4_AISLE4;150;-86,07333333;2,570082564
1c:aa:07:7b:28:0c;TUvisitor;C5_AISLE5;35;-86,02857143;2,202748474
1c:aa:07:7b:28:0c;TUvisitor;C6_AISLE6;57;-87,78947368;2,320228145
1c:aa:07:7b:28:0c;TUvisitor;C7_AISLE7;1;-88;
1c:aa:07:7b:28:0c;TUvisitor;C8_AISLE8;25;-91,04;4,903060269
1c:aa:07:7b:28:0f;eduroam;C1_AISLE1;180;-60,95;3,821835237
1c:aa:07:7b:28:0f;eduroam;C11_CONF_BTM;60;-51,3;3,992790112
1c:aa:07:7b:28:0f;eduroam;C12_CONF_TOP;180;-49,86111111;3,793207527
1c:aa:07:7b:28:0f;eduroam;C13_COFFEE;116;-86,87068966;2,552169316
1c:aa:07:7b:28:0f;eduroam;C14_PLEA;300;-67,39;5,353512897
1c:aa:07:7b:28:0f;eduroam;C15_MTG;179;-77,68715084;4,814818213
1c:aa:07:7b:28:0f;eduroam;C2_AISLE2;180;-73,11666667;6,724652387
1c:aa:07:7b:28:0f;eduroam;C3_AISLE3;180;-83,65;3,656287154
1c:aa:07:7b:28:0f;eduroam;C4_AISLE4;156;-85,91025641;2,209573875
1c:aa:07:7b:28:0f;eduroam;C5_AISLE5;36;-86;1,971221521
1c:aa:07:7b:28:0f;eduroam;C6_AISLE6;80;-88,05;2,157706236
1c:aa:07:7b:28:0f;eduroam;C7_AISLE7;1;-89;
1c:aa:07:7b:28:0f;eduroam;C8_AISLE8;14;-88,92857143;3,989684501
1c:aa:07:7b:37:00;eduroam;C10_AISLE10;18;-78,5;0,514495755
1c:aa:07:7b:37:00;eduroam;C16_FLEX_BTM;149;-77,08053691;2,600719179
1c:aa:07:7b:37:00;eduroam;C17_FLEX_TOP;75;-73,09333333;3,067587014
1c:aa:07:7b:37:00;eduroam;C8_AISLE8;2;-80;1,414213562
1c:aa:07:7b:37:00;eduroam;C9_AISLE9;104;-76,88461538;2,622929853
1c:aa:07:7b:37:03;TUvisitor;C1_AISLE1;1;-79;
1c:aa:07:7b:37:03;TUvisitor;C10_AISLE10;23;-81,08695652;3,232126284
1c:aa:07:7b:37:03;TUvisitor;C12_CONF_TOP;1;-81;
1c:aa:07:7b:37:03;TUvisitor;C16_FLEX_BTM;112;-76,36607143;2,585460162
1c:aa:07:7b:37:03;TUvisitor;C17_FLEX_TOP;79;-73,10126582;3,160635025
1c:aa:07:7b:37:03;TUvisitor;C4_AISLE4;7;-82;0
1c:aa:07:7b:37:03;TUvisitor;C8_AISLE8;12;-84,58333333;2,843120352
1c:aa:07:7b:37:03;TUvisitor;C9_AISLE9;90;-78,27777778;2,860139769
1c:aa:07:7b:37:04;tudelft-dastud;C10_AISLE10;15;-78,6;0,507092553
1c:aa:07:7b:37:04;tudelft-dastud;C12_CONF_TOP;1;-76;
1c:aa:07:7b:37:04;tudelft-dastud;C16_FLEX_BTM;117;-76,88888889;2,548758243
1c:aa:07:7b:37:04;tudelft-dastud;C17_FLEX_TOP;92;-72,43478261;4,151801801
1c:aa:07:7b:37:04;tudelft-dastud;C8_AISLE8;10;-81,6;3,272783389
1c:aa:07:7b:37:04;tudelft-dastud;C9_AISLE9;117;-76,56410256;3,494785809
1c:aa:07:7b:37:06;Conferentie-TUD;C1_AISLE1;1;-76;
1c:aa:07:7b:37:06;Conferentie-TUD;C10_AISLE10;62;-78,75806452;1,913588029
1c:aa:07:7b:37:06;Conferentie-TUD;C12_CONF_TOP;1;-72;
1c:aa:07:7b:37:06;Conferentie-TUD;C13_COFFEE;1;-79;
1c:aa:07:7b:37:06;Conferentie-TUD;C16_FLEX_BTM;236;-75,75847458;2,205634034
1c:aa:07:7b:37:06;Conferentie-TUD;C17_FLEX_TOP;120;-71,30833333;3,711883785
1c:aa:07:7b:37:06;Conferentie-TUD;C8_AISLE8;30;-80,06666667;1,680175141
1c:aa:07:7b:37:06;Conferentie-TUD;C9_AISLE9;229;-77,24017467;2,411404185
1c:aa:07:7b:37:09;Conferentie-TUD;C16_FLEX_BTM;58;-89,53448276;1,966522599
1c:aa:07:7b:37:09;Conferentie-TUD;C17_FLEX_TOP;91;-87,65934066;2,192004563
1c:aa:07:7b:37:09;Conferentie-TUD;C7_AISLE7;1;-91;
1c:aa:07:7b:37:09;Conferentie-TUD;C8_AISLE8;5;-91;0
1c:aa:07:7b:37:0b;tudelft-dastud;C16_FLEX_BTM;15;-90,2;1,014185106
1c:aa:07:7b:37:0b;tudelft-dastud;C17_FLEX_TOP;72;-85,05555556;2,968799676
1c:aa:07:7b:37:0c;TUvisitor;C16_FLEX_BTM;34;-88,5;1,637625776
1c:aa:07:7b:37:0c;TUvisitor;C17_FLEX_TOP;81;-85,67901235;2,563333574
1c:aa:07:7b:37:0f;eduroam;C16_FLEX_BTM;20;-90,9;1,410487038
1c:aa:07:7b:37:0f;eduroam;C17_FLEX_TOP;57;-86,73684211;4,051129983
1c:aa:07:7b:37:d0;eduroam;C1_AISLE1;77;-76,33766234;2,348630002
1c:aa:07:7b:37:d0;eduroam;C11_CONF_BTM;13;-72,69230769;1,652503928
1c:aa:07:7b:37:d0;eduroam;C12_CONF_TOP;113;-71,23893805;3,362806907
1c:aa:07:7b:37:d0;eduroam;C13_COFFEE;19;-73,52631579;0,512989176
1c:aa:07:7b:37:d0;eduroam;C14_PLEA;176;-71,07386364;2,808191866
1c:aa:07:7b:37:d0;eduroam;C15_MTG;87;-75,91954023;2,412267055
1c:aa:07:7b:37:d0;eduroam;C2_AISLE2;91;-72,64835165;4,27492333
1c:aa:07:7b:37:d0;eduroam;C3_AISLE3;34;-80,64705882;1,276414318
1c:aa:07:7b:37:d3;TUvisitor;C1_AISLE1;66;-74,13636364;2,17599748
1c:aa:07:7b:37:d3;TUvisitor;C11_CONF_BTM;30;-75,06666667;2,405931368
1c:aa:07:7b:37:d3;TUvisitor;C12_CONF_TOP;142;-71,19014085;4,101432199
1c:aa:07:7b:37:d3;TUvisitor;C13_COFFEE;10;-72;0
1c:aa:07:7b:37:d3;TUvisitor;C14_PLEA;190;-71,55263158;3,668090405
1c:aa:07:7b:37:d3;TUvisitor;C15_MTG;79;-74,11392405;3,816251825
1c:aa:07:7b:37:d3;TUvisitor;C2_AISLE2;123;-71,81300813;3,843985281
1c:aa:07:7b:37:d3;TUvisitor;C3_AISLE3;34;-78,20588235;1,996654957
1c:aa:07:7b:37:d4;tudelft-dastud;C1_AISLE1;95;-74,81052632;2,791684982
1c:aa:07:7b:37:d4;tudelft-dastud;C11_CONF_BTM;27;-72,51851852;2,95309968
1c:aa:07:7b:37:d4;tudelft-dastud;C12_CONF_TOP;132;-71,97727273;2,491101443
1c:aa:07:7b:37:d4;tudelft-dastud;C13_COFFEE;10;-80;0
1c:aa:07:7b:37:d4;tudelft-dastud;C14_PLEA;175;-72,13714286;2,853419577
1c:aa:07:7b:37:d4;tudelft-dastud;C15_MTG;109;-75,66055046;2,92884816
1c:aa:07:7b:37:d4;tudelft-dastud;C2_AISLE2;94;-73,4787234;3,248585212
1c:aa:07:7b:37:d4;tudelft-dastud;C3_AISLE3;42;-78,14285714;2,474961725
1c:aa:07:7b:37:d4;tudelft-dastud;C4_AISLE4;7;-83;0
1c:aa:07:7b:37:d6;Conferentie-TUD;C1_AISLE1;169;-74,43786982;2,456281589
1c:aa:07:7b:37:d6;Conferentie-TUD;C11_CONF_BTM;58;-73,31034483;2,945153
1c:aa:07:7b:37:d6;Conferentie-TUD;C12_CONF_TOP;180;-71,37777778;3,040059459
1c:aa:07:7b:37:d6;Conferentie-TUD;C13_COFFEE;21;-75,76190476;1,729299335
1c:aa:07:7b:37:d6;Conferentie-TUD;C14_PLEA;295;-71,12881356;3,267602818
1c:aa:07:7b:37:d6;Conferentie-TUD;C15_MTG;161;-75,25465839;3,048113152
1c:aa:07:7b:37:d6;Conferentie-TUD;C2_AISLE2;175;-72,86285714;4,058982214
1c:aa:07:7b:37:d6;Conferentie-TUD;C3_AISLE3;128;-78,21875;1,291629624
1c:aa:07:7b:37:d6;Conferentie-TUD;C4_AISLE4;10;-79,9;0,316227766
1c:aa:07:7b:37:d6;Conferentie-TUD;C8_AISLE8;1;-77;
1c:aa:07:7b:37:d9;Conferentie-TUD;C1_AISLE1;118;-88,91525424;1,356064386
1c:aa:07:7b:37:d9;Conferentie-TUD;C11_CONF_BTM;60;-86,11666667;2,630277853
1c:aa:07:7b:37:d9;Conferentie-TUD;C12_CONF_TOP;180;-85,06666667;3,039038366
1c:aa:07:7b:37:d9;Conferentie-TUD;C14_PLEA;300;-86,87;2,308867594
1c:aa:07:7b:37:d9;Conferentie-TUD;C15_MTG;152;-88,44736842;2,0157968
1c:aa:07:7b:37:d9;Conferentie-TUD;C2_AISLE2;128;-88,75;1,621703197
1c:aa:07:7b:37:d9;Conferentie-TUD;C3_AISLE3;29;-90,62068966;1,236752461
1c:aa:07:7b:37:db;tudelft-dastud;C1_AISLE1;67;-88,14925373;2,046828525
1c:aa:07:7b:37:db;tudelft-dastud;C11_CONF_BTM;60;-84,06666667;1,885418325
1c:aa:07:7b:37:db;tudelft-dastud;C12_CONF_TOP;180;-83,46666667;3,049681731
1c:aa:07:7b:37:db;tudelft-dastud;C14_PLEA;299;-85,18394649;2,195849458
1c:aa:07:7b:37:db;tudelft-dastud;C15_MTG;138;-86,48550725;2,037013369
1c:aa:07:7b:37:db;tudelft-dastud;C2_AISLE2;92;-85,75;2,246486879
1c:aa:07:7b:37:dc;TUvisitor;C1_AISLE1;58;-87,60344828;0,897162294
1c:aa:07:7b:37:dc;TUvisitor;C11_CONF_BTM;60;-85,26666667;2,185209657
1c:aa:07:7b:37:dc;TUvisitor;C12_CONF_TOP;180;-84,23333333;2,707531395
1c:aa:07:7b:37:dc;TUvisitor;C14_PLEA;299;-85,85953177;2,156697337
1c:aa:07:7b:37:dc;TUvisitor;C15_MTG;132;-87,34090909;1,964686504
1c:aa:07:7b:37:dc;TUvisitor;C2_AISLE2;86;-86,36046512;1,264099686
1c:aa:07:7b:37:df;eduroam;C1_AISLE1;57;-88,15789474;1,146259035
1c:aa:07:7b:37:df;eduroam;C11_CONF_BTM;60;-84,61666667;1,940571877
1c:aa:07:7b:37:df;eduroam;C12_CONF_TOP;180;-83,93888889;2,916268927
1c:aa:07:7b:37:df;eduroam;C14_PLEA;299;-85,909699;2,082655984
1c:aa:07:7b:37:df;eduroam;C15_MTG;144;-87,68055556;2,220857195
1c:aa:07:7b:37:df;eduroam;C2_AISLE2;93;-86,92473118;2,081160625
1c:aa:07:7b:39:10;eduroam;C1_AISLE1;1;-65;
1c:aa:07:7b:39:10;eduroam;C10_AISLE10;171;-71,35087719;3,820184295
1c:aa:07:7b:39:10;eduroam;C12_CONF_TOP;1;-59;
1c:aa:07:7b:39:10;eduroam;C13_COFFEE;1;-65;
1c:aa:07:7b:39:10;eduroam;C16_FLEX_BTM;240;-62,8375;3,216499371
1c:aa:07:7b:39:10;eduroam;C17_FLEX_TOP;120;-57,50833333;4,264364422
1c:aa:07:7b:39:10;eduroam;C4_AISLE4;19;-78,94736842;1,025978352
1c:aa:07:7b:39:10;eduroam;C6_AISLE6;1;-80;
1c:aa:07:7b:39:10;eduroam;C7_AISLE7;52;-76,15384615;3,057517995
1c:aa:07:7b:39:10;eduroam;C8_AISLE8;109;-71,2293578;3,545035724
1c:aa:07:7b:39:10;eduroam;C9_AISLE9;220;-65,82272727;3,944874927
1c:aa:07:7b:39:13;TUvisitor;C1_AISLE1;1;-63;
1c:aa:07:7b:39:13;TUvisitor;C10_AISLE10;170;-70,73529412;3,734604084
1c:aa:07:7b:39:13;TUvisitor;C12_CONF_TOP;1;-60;
1c:aa:07:7b:39:13;TUvisitor;C16_FLEX_BTM;222;-60,72522523;4,551484636
1c:aa:07:7b:39:13;TUvisitor;C17_FLEX_TOP;119;-55,83193277;4,142216159
1c:aa:07:7b:39:13;TUvisitor;C4_AISLE4;27;-77,03703704;3,081975908
1c:aa:07:7b:39:13;TUvisitor;C6_AISLE6;1;-77;
1c:aa:07:7b:39:13;TUvisitor;C7_AISLE7;63;-78,33333333;2,834123862
1c:aa:07:7b:39:13;TUvisitor;C8_AISLE8;146;-73,30136986;4,405904914
1c:aa:07:7b:39:13;TUvisitor;C9_AISLE9;211;-65,62559242;4,72552431
1c:aa:07:7b:39:14;tudelft-dastud;C1_AISLE1;1;-61;
1c:aa:07:7b:39:14;tudelft-dastud;C10_AISLE10;157;-69,93630573;4,47454557
1c:aa:07:7b:39:14;tudelft-dastud;C12_CONF_TOP;1;-60;
1c:aa:07:7b:39:14;tudelft-dastud;C16_FLEX_BTM;228;-60,25877193;4,418489614
1c:aa:07:7b:39:14;tudelft-dastud;C17_FLEX_TOP;119;-55,30252101;4,281522424
1c:aa:07:7b:39:14;tudelft-dastud;C4_AISLE4;21;-75,42857143;2,18108754
1c:aa:07:7b:39:14;tudelft-dastud;C6_AISLE6;1;-79;
1c:aa:07:7b:39:14;tudelft-dastud;C7_AISLE7;82;-76,5;2,455781789
1c:aa:07:7b:39:14;tudelft-dastud;C8_AISLE8;169;-73,43786982;4,851115258
1c:aa:07:7b:39:14;tudelft-dastud;C9_AISLE9;236;-64,89830508;4,317977916
1c:aa:07:7b:39:16;Conferentie-TUD;C1_AISLE1;1;-63;
1c:aa:07:7b:39:16;Conferentie-TUD;C10_AISLE10;168;-71,0952381;3,551567243
1c:aa:07:7b:39:16;Conferentie-TUD;C12_CONF_TOP;1;-61;
1c:aa:07:7b:39:16;Conferentie-TUD;C13_COFFEE;1;-61;
1c:aa:07:7b:39:16;Conferentie-TUD;C16_FLEX_BTM;239;-60,89539749;4,253710658
1c:aa:07:7b:39:16;Conferentie-TUD;C17_FLEX_TOP;120;-56,225;4,457950126
1c:aa:07:7b:39:16;Conferentie-TUD;C4_AISLE4;33;-76,3030303;1,895469079
1c:aa:07:7b:39:16;Conferentie-TUD;C6_AISLE6;9;-81,33333333;2
1c:aa:07:7b:39:16;Conferentie-TUD;C7_AISLE7;64;-78,265625;3,324952261
1c:aa:07:7b:39:16;Conferentie-TUD;C8_AISLE8;157;-73,81528662;4,045924914
1c:aa:07:7b:39:16;Conferentie-TUD;C9_AISLE9;240;-65,29583333;4,364173194
1c:af:f7:18:0e:4a;SANDER;C10_AISLE10;91;-86,28571429;2,696852957
1c:af:f7:18:0e:4a;SANDER;C12_CONF_TOP;1;-82;
1c:af:f7:18:0e:4a;SANDER;C16_FLEX_BTM;167;-85,5988024;3,4239762
1c:af:f7:18:0e:4a;SANDER;C17_FLEX_TOP;63;-86,23809524;2,900023836
1c:af:f7:18:0e:4a;SANDER;C4_AISLE4;1;-90;
1c:af:f7:18:0e:4a;SANDER;C7_AISLE7;10;-87,4;1,264911064
1c:af:f7:18:0e:4a;SANDER;C8_AISLE8;34;-90,35294118;2,057983022
1c:af:f7:18:0e:4a;SANDER;C9_AISLE9;53;-86,81132075;2,948641172
1c:af:f7:7f:6f:c2;edusloom;C16_FLEX_BTM;12;-90;1,044465936
1c:af:f7:7f:6f:c2;edusloom;C17_FLEX_TOP;6;-88;0
1e:cc:b7:e7:90:48;HPCP1025-A528D4;C14_PLEA;69;-89,10144928;2,203906475
20:aa:4b:73:1e:20;Supermooi;C17_FLEX_TOP;6;-95;0
20:aa:4b:eb:4c:45;Airport56;C17_FLEX_TOP;6;-90;0
20:aa:4b:eb:4c:47;Airport56-5GHz;C17_FLEX_TOP;6;-98;0
20:c9:d0:18:43:f3;sape;C1_AISLE1;1;-90;
20:c9:d0:18:43:f3;sape;C10_AISLE10;100;-86,28;2,420785414
20:c9:d0:18:43:f3;sape;C12_CONF_TOP;1;-84;
20:c9:d0:18:43:f3;sape;C13_COFFEE;18;-90,33333333;0,48507125
20:c9:d0:18:43:f3;sape;C14_PLEA;8;-88;0
20:c9:d0:18:43:f3;sape;C15_MTG;101;-89,44554455;1,459282341
20:c9:d0:18:43:f3;sape;C16_FLEX_BTM;207;-86,51207729;2,707164001
20:c9:d0:18:43:f3;sape;C17_FLEX_TOP;57;-89,36842105;1,483619837
20:c9:d0:18:43:f3;sape;C2_AISLE2;15;-92,33333333;1,046536237
20:c9:d0:18:43:f3;sape;C3_AISLE3;123;-89,14634146;1,97808869
20:c9:d0:18:43:f3;sape;C4_AISLE4;215;-82,74418605;6,668005009
20:c9:d0:18:43:f3;sape;C5_AISLE5;117;-81,16239316;4,049174597
20:c9:d0:18:43:f3;sape;C6_AISLE6;180;-73,93333333;4,123241118
20:c9:d0:18:43:f3;sape;C7_AISLE7;240;-69,525;4,981072963
20:c9:d0:18:43:f3;sape;C8_AISLE8;179;-80,05586592;5,188276186
20:c9:d0:18:43:f3;sape;C9_AISLE9;204;-86,57843137;2,47723139
24:01:c7:29:99:40;eduroam;C14_PLEA;6;-81;0
24:01:c7:29:99:44;tudelft-dastud;C14_PLEA;6;-81;0
24:01:c7:29:99:44;tudelft-dastud;C15_MTG;8;-81;0
24:01:c7:29:99:46;Conferentie-TUD;C15_MTG;8;-84;0
24:01:c7:76:27:30;eduroam;C12_CONF_TOP;12;-81;0
24:01:c7:76:27:33;TUvisitor;C12_CONF_TOP;46;-78,06521739;2,792069515
24:01:c7:76:27:34;tudelft-dastud;C12_CONF_TOP;21;-79,85714286;1,014185106
24:01:c7:76:27:36;Conferentie-TUD;C11_CONF_BTM;5;-81;0
24:01:c7:76:27:36;Conferentie-TUD;C12_CONF_TOP;102;-80,31372549;2,18446537
24:01:c7:76:2a:30;eduroam;C10_AISLE10;50;-78,34;2,237071701
24:01:c7:76:2a:30;eduroam;C16_FLEX_BTM;43;-79,72093023;1,943555669
24:01:c7:76:2a:30;eduroam;C17_FLEX_TOP;70;-76,58571429;2,088566925
24:01:c7:76:2a:30;eduroam;C9_AISLE9;27;-80,33333333;0,960768923
24:01:c7:76:2a:33;TUvisitor;C10_AISLE10;28;-78;3,527668415
24:01:c7:76:2a:33;TUvisitor;C16_FLEX_BTM;42;-78,4047619;1,653665903
24:01:c7:76:2a:33;TUvisitor;C17_FLEX_TOP;65;-76,2;2,346540006
24:01:c7:76:2a:33;TUvisitor;C9_AISLE9;31;-78,4516129;1,767082524
24:01:c7:76:2a:34;tudelft-dastud;C10_AISLE10;35;-75,42857143;1,753747488
24:01:c7:76:2a:34;tudelft-dastud;C16_FLEX_BTM;37;-79,13513514;2,002250986
24:01:c7:76:2a:34;tudelft-dastud;C17_FLEX_TOP;81;-75,35802469;2,599560742
24:01:c7:76:2a:34;tudelft-dastud;C8_AISLE8;1;-77;
24:01:c7:76:2a:34;tudelft-dastud;C9_AISLE9;34;-76,64705882;1,872971273
24:01:c7:76:2a:36;Conferentie-TUD;C10_AISLE10;119;-77,05882353;2,542166824
24:01:c7:76:2a:36;Conferentie-TUD;C12_CONF_TOP;1;-79;
24:01:c7:76:2a:36;Conferentie-TUD;C16_FLEX_BTM;135;-79,79259259;2,011520166
24:01:c7:76:2a:36;Conferentie-TUD;C17_FLEX_TOP;116;-75,87068966;2,799161901
24:01:c7:76:2a:36;Conferentie-TUD;C8_AISLE8;9;-81;0
24:01:c7:76:2a:36;Conferentie-TUD;C9_AISLE9;104;-77,875;2,116451968
24:01:c7:76:2a:39;Conferentie-TUD;C10_AISLE10;33;-89,63636364;1,084498208
24:01:c7:76:2a:39;Conferentie-TUD;C16_FLEX_BTM;10;-88,8;1,549193338
24:01:c7:76:2a:39;Conferentie-TUD;C17_FLEX_TOP;74;-90,32432432;1,074079512
24:01:c7:76:2a:3b;tudelft-dastud;C10_AISLE10;24;-89,125;3,166571318
24:01:c7:76:2a:3b;tudelft-dastud;C17_FLEX_TOP;6;-91;0
24:01:c7:76:2a:3c;TUvisitor;C10_AISLE10;16;-88,125;0,5
24:01:c7:76:2a:3c;TUvisitor;C17_FLEX_TOP;12;-89;1,044465936
24:01:c7:76:2a:3f;eduroam;C10_AISLE10;15;-87,2;1,521277659
30:46:9a:45:22:74;Penthouse;C17_FLEX_TOP;24;-86,75;2,211629342
3c:df:bd:a9:7d:1f;HUAWEI-E5220-7d1f;C10_AISLE10;6;-91;0
48:f8:b3:2c:f6:a5;Winternet;C16_FLEX_BTM;12;-88,5;0,522232968
48:f8:b3:2e:39:93;Rosheuvel;C16_FLEX_BTM;6;-91;0
48:f8:b3:2e:39:93;Rosheuvel;C9_AISLE9;9;-85;0
48:f8:b3:40:f1:a9;Router_Joost;C10_AISLE10;9;-89;0
48:f8:b3:40:f1:a9;Router_Joost;C13_COFFEE;33;-89,90909091;0,578988146
48:f8:b3:40:f1:a9;Router_Joost;C16_FLEX_BTM;73;-87,47945205;2,651569708
48:f8:b3:40:f1:a9;Router_Joost;C17_FLEX_TOP;58;-85,89655172;2,33726227
48:f8:b3:40:f1:a9;Router_Joost;C5_AISLE5;1;-89;
48:f8:b3:7c:98:58;PlayboyMansion;C10_AISLE10;15;-90,6;0,507092553
4a:f8:b3:7c:98:59;PlayboyMansion-guest;C10_AISLE10;15;-90,6;0,507092553
4a:f8:b3:7c:98:59;PlayboyMansion-guest;C8_AISLE8;1;-86;
4a:f8:b3:7c:98:59;PlayboyMansion-guest;C9_AISLE9;3;-86;0
50:46:5d:00:a9:9c;Barrrrrpol;C10_AISLE10;6;-97;0
50:46:5d:6e:1a:08;asus_24g;C10_AISLE10;43;-84,13953488;1,726286895
50:46:5d:6e:1a:08;asus_24g;C8_AISLE8;8;-83;0
50:46:5d:6e:1a:08;asus_24g;C9_AISLE9;23;-85,91304348;2,745459781
54:e6:fc:f1:21:ba;Security W-LAN 3.1;C1_AISLE1;28;-89,53571429;0,5078745
56:be:f7:27:46:9c;Ziggo;C12_CONF_TOP;14;-90,28571429;2,054210364
56:be:f7:27:46:9c;Ziggo;C14_PLEA;16;-91;0
58:6d:8f:cb:2d:e0;TarValon;C13_COFFEE;15;-88,66666667;0,975900073
58:6d:8f:cb:2d:e0;TarValon;C16_FLEX_BTM;34;-88,23529412;1,12973109
58:6d:8f:cb:2d:e0;TarValon;C17_FLEX_TOP;6;-92;0
58:6d:8f:cb:2d:e0;TarValon;C5_AISLE5;1;-90;
5c:96:9d:65:76:8d;SLDE-™-2;C1_AISLE1;1;-83;
5c:96:9d:65:76:8d;SLDE-™-2;C10_AISLE10;180;-83,67777778;2,964700246
5c:96:9d:65:76:8d;SLDE-™-2;C12_CONF_TOP;1;-66;
5c:96:9d:65:76:8d;SLDE-™-2;C13_COFFEE;13;-79,69230769;11,34595828
5c:96:9d:65:76:8d;SLDE-™-2;C15_MTG;23;-90,91304348;1,040674758
5c:96:9d:65:76:8d;SLDE-™-2;C16_FLEX_BTM;240;-71,60833333;4,176635216
5c:96:9d:65:76:8d;SLDE-™-2;C17_FLEX_TOP;120;-76,625;3,630085537
5c:96:9d:65:76:8d;SLDE-™-2;C2_AISLE2;29;-88,68965517;0,92980214
5c:96:9d:65:76:8d;SLDE-™-2;C3_AISLE3;28;-85,78571429;5,087072525
5c:96:9d:65:76:8d;SLDE-™-2;C4_AISLE4;183;-79,62295082;7,808484962
5c:96:9d:65:76:8d;SLDE-™-2;C5_AISLE5;114;-81,68421053;3,72343877
5c:96:9d:65:76:8d;SLDE-™-2;C6_AISLE6;180;-76,5;4,063050564
5c:96:9d:65:76:8d;SLDE-™-2;C7_AISLE7;240;-68,93333333;4,6586103
5c:96:9d:65:76:8d;SLDE-™-2;C8_AISLE8;180;-72,06666667;4,924684149
5c:96:9d:65:76:8d;SLDE-™-2;C9_AISLE9;240;-80,19583333;3,421441029
5c:96:9d:65:76:8e;SLDE-™-2 5GHz;C1_AISLE1;1;-95;
5c:96:9d:65:76:8e;SLDE-™-2 5GHz;C10_AISLE10;64;-97,078125;1,395055754
5c:96:9d:65:76:8e;SLDE-™-2 5GHz;C12_CONF_TOP;1;-80;
5c:96:9d:65:76:8e;SLDE-™-2 5GHz;C16_FLEX_BTM;120;-84,35;4,420445242
5c:96:9d:65:76:8e;SLDE-™-2 5GHz;C17_FLEX_TOP;120;-89,78333333;3,082025235
5c:96:9d:65:76:8e;SLDE-™-2 5GHz;C4_AISLE4;69;-82,52173913;6,694178102
5c:96:9d:65:76:8e;SLDE-™-2 5GHz;C5_AISLE5;63;-95,98412698;1,49722392
5c:96:9d:65:76:8e;SLDE-™-2 5GHz;C6_AISLE6;120;-93,025;3,381766482
5c:96:9d:65:76:8e;SLDE-™-2 5GHz;C7_AISLE7;180;-84,20555556;5,937944665
5c:96:9d:65:76:8e;SLDE-™-2 5GHz;C8_AISLE8;120;-85,09166667;5,544314725
5c:96:9d:65:76:8e;SLDE-™-2 5GHz;C9_AISLE9;175;-95,18285714;2,08187108
5c:d9:98:e3:e6:c4;P2P-Next;C1_AISLE1;1;-80;
5c:d9:98:e3:e6:c4;P2P-Next;C10_AISLE10;170;-81,31176471;2,665222518
5c:d9:98:e3:e6:c4;P2P-Next;C12_CONF_TOP;1;-69;
5c:d9:98:e3:e6:c4;P2P-Next;C13_COFFEE;1;-65;
5c:d9:98:e3:e6:c4;P2P-Next;C16_FLEX_BTM;240;-67,9875;3,795484269
5c:d9:98:e3:e6:c4;P2P-Next;C17_FLEX_TOP;120;-71,925;4,242962537
5c:d9:98:e3:e6:c4;P2P-Next;C4_AISLE4;76;-79,31578947;4,602059036
5c:d9:98:e3:e6:c4;P2P-Next;C5_AISLE5;49;-85,18367347;3,903382451
5c:d9:98:e3:e6:c4;P2P-Next;C6_AISLE6;157;-81,04458599;3,835301528
5c:d9:98:e3:e6:c4;P2P-Next;C7_AISLE7;240;-76,24166667;3,434980851
5c:d9:98:e3:e6:c4;P2P-Next;C8_AISLE8;179;-73,1396648;3,685309723
5c:d9:98:e3:e6:c4;P2P-Next;C9_AISLE9;238;-78,1092437;3,35844528
60:a4:4c:39:66:b8;Aperture;C16_FLEX_BTM;6;-88;0
64:70:02:6b:c1:82;KVZ_Nieuwer;C13_COFFEE;1;-92;
64:70:02:6b:c1:82;KVZ_Nieuwer;C16_FLEX_BTM;12;-89,5;0,522232968
64:70:02:6b:c1:82;KVZ_Nieuwer;C17_FLEX_TOP;21;-90,14285714;1,38873015
64:70:02:6b:c1:82;KVZ_Nieuwer;C7_AISLE7;9;-91;0
64:70:02:cb:89:3c;FREE AMANDA!;C16_FLEX_BTM;6;-92;0
64:d1:a3:06:ef:ae;Hrz;C16_FLEX_BTM;6;-91;0
64:d1:a3:0f:df:08;Babaloe;C17_FLEX_TOP;6;-88;0
68:7f:74:4a:ab:c9;ELYN-PC_Network;C13_COFFEE;10;-90;0
6c:fd:b9:4b:db:26;ANNANetwork;C10_AISLE10;15;-86,6;2,028370211
6c:fd:b9:4b:db:26;ANNANetwork;C16_FLEX_BTM;6;-88;0
6c:fd:b9:4b:db:26;ANNANetwork;C9_AISLE9;7;-89,85714286;0,377964473
6c:fd:b9:4b:ea:3c;Korvezee49;C12_CONF_TOP;1;-85;
6c:fd:b9:4b:ea:3c;Korvezee49;C13_COFFEE;10;-90;0
6c:fd:b9:4b:ea:3c;Korvezee49;C16_FLEX_BTM;128;-86,4765625;3,279535313
6c:fd:b9:4b:ea:3c;Korvezee49;C17_FLEX_TOP;58;-87,17241379;2,233225431
6c:fd:b9:4b:ea:3c;Korvezee49;C4_AISLE4;7;-92;0
6c:fd:b9:4b:ea:3c;Korvezee49;C8_AISLE8;2;-92;0
6c:fd:b9:4b:ea:3c;Korvezee49;C9_AISLE9;9;-90;0
6c:fd:b9:5a:68:6c;Dubbele antenne;C10_AISLE10;34;-89,58823529;1,018544626
6c:fd:b9:5a:68:6c;Dubbele antenne;C12_CONF_TOP;6;-80;0
6c:fd:b9:5a:68:6c;Dubbele antenne;C14_PLEA;9;-90;0
6c:fd:b9:5a:68:6c;Dubbele antenne;C15_MTG;8;-91;0
6c:fd:b9:5a:68:6c;Dubbele antenne;C8_AISLE8;10;-90,5;1,58113883
6c:fd:b9:5a:68:6c;Dubbele antenne;C9_AISLE9;92;-88,25;2,11028356
6c:fd:b9:82:43:f8;ICIDU;C10_AISLE10;6;-88;0
78:e4:00:dc:ca:0e;P2PROSHANGUPTA-PC;C10_AISLE10;60;-76,56666667;3,729709702
78:e4:00:dc:ca:0e;P2PROSHANGUPTA-PC;C12_CONF_TOP;15;-87,93333333;1,869555588
78:e4:00:dc:ca:0e;P2PROSHANGUPTA-PC;C13_COFFEE;1;-71;
78:e4:00:dc:ca:0e;P2PROSHANGUPTA-PC;C16_FLEX_BTM;120;-68,51666667;4,455160983
78:e4:00:dc:ca:0e;P2PROSHANGUPTA-PC;C4_AISLE4;9;-89;0
78:e4:00:dc:ca:0e;P2PROSHANGUPTA-PC;C5_AISLE5;15;-87,2;1,897366596
78:e4:00:dc:ca:0e;P2PROSHANGUPTA-PC;C6_AISLE6;54;-86,40740741;2,645883371
78:e4:00:dc:ca:0e;P2PROSHANGUPTA-PC;C7_AISLE7;60;-82,15;3,658401059
78:e4:00:dc:ca:0e;P2PROSHANGUPTA-PC;C8_AISLE8;60;-76,53333333;4,424380323
78:e4:00:dc:ca:0e;P2PROSHANGUPTA-PC;C9_AISLE9;60;-70,1;4,233442323
80:ea:96:f3:d6:1c;TBP WiFi;C10_AISLE10;6;-91;0
80:ea:96:f3:d6:1c;TBP WiFi;C13_COFFEE;49;-88,85714286;2,34520788
80:ea:96:f3:d6:1c;TBP WiFi;C16_FLEX_BTM;6;-88;0
80:ea:96:f3:d6:1c;TBP WiFi;C17_FLEX_TOP;12;-91;1,044465936
80:ea:96:f3:d6:1c;TBP WiFi;C9_AISLE9;9;-88;0
88:03:55:f4:70:e4;VGV7519F470E4;C1_AISLE1;8;-88;0
88:25:2c:a5:3c:56;ARV7519A53C56;C14_PLEA;9;-92;0
90:f6:52:54:f4:bc;Axolotl Paradise;C10_AISLE10;9;-88;0
98:f5:37:5b:55:36;H220N5B5536;C5_AISLE5;11;-88,72727273;0,467099366
98:f5:37:5b:55:36;H220N5B5536;C6_AISLE6;6;-89;0
98:f5:37:5b:55:36;H220N5B5536;C7_AISLE7;1;-88;
98:fc:11:88:34:0e;Pogostick;C16_FLEX_BTM;6;-90;0
98:fc:11:88:34:0e;Pogostick;C17_FLEX_TOP;13;-86,07692308;0,277350098
98:fc:11:88:34:0f;Pogostick-gast;C16_FLEX_BTM;6;-90;0
98:fc:11:88:34:0f;Pogostick-gast;C17_FLEX_TOP;13;-84,76923077;1,091928428
9c:21:6a:e6:61:20;elsa;C1_AISLE1;6;-89;0
9c:21:6a:e6:61:20;elsa;C17_FLEX_TOP;6;-90;0
9c:c7:a6:4d:5c:36;FRITZ!Box Fon WLAN 7360;C14_PLEA;9;-92;0
a0:f3:c1:05:b1:aa;MyWireless;C1_AISLE1;9;-90;0
a0:f3:c1:05:b1:aa;MyWireless;C16_FLEX_BTM;13;-87,69230769;0,854850414
b0:48:7a:81:d5:18;CMPR;C10_AISLE10;69;-85,91304348;1,953421812
b0:48:7a:81:d5:18;CMPR;C13_COFFEE;1;-87;
b0:48:7a:81:d5:18;CMPR;C16_FLEX_BTM;76;-84,36842105;4,02605549
b0:48:7a:81:d5:18;CMPR;C17_FLEX_TOP;47;-84,74468085;4,109734388
b0:48:7a:81:d5:18;CMPR;C8_AISLE8;1;-85;
b0:48:7a:81:d5:18;CMPR;C9_AISLE9;69;-85,85507246;2,250982546
b8:be:bf:b7:7c:40;eduroam;C6_AISLE6;18;-81,5;1,543487266
b8:be:bf:b7:7c:43;TUvisitor;C6_AISLE6;9;-80;0
b8:be:bf:b7:7c:44;tudelft-dastud;C5_AISLE5;6;-78;0
b8:be:bf:b7:7c:44;tudelft-dastud;C6_AISLE6;9;-80;0
b8:be:bf:b7:7c:46;Conferentie-TUD;C5_AISLE5;6;-80;0
b8:be:bf:b7:7c:46;Conferentie-TUD;C6_AISLE6;31;-80,35483871;1,906976439
bc:ee:7b:c3:46:d0;FIAD21_2G;C1_AISLE1;13;-89,92307692;1,037749043
c0:4a:00:51:03:33;MishaRasa2.4GHz;C16_FLEX_BTM;29;-89,4137931;1,991360651
c0:4a:00:51:03:33;MishaRasa2.4GHz;C17_FLEX_TOP;14;-88,71428571;0,726273039
c0:c1:c0:03:ac:06;Kmathewthomas;C13_COFFEE;10;-82;0
c0:c1:c0:03:ac:07;Kmathewthomas-guest;C1_AISLE1;6;-88;0
c0:c1:c0:03:ac:07;Kmathewthomas-guest;C13_COFFEE;14;-89,85714286;1,875228924
c0:c1:c0:03:ac:07;Kmathewthomas-guest;C16_FLEX_BTM;6;-90;0
c8:3a:35:1b:4b:c0;slow;C16_FLEX_BTM;6;-87;0
c8:3a:35:1f:d9:58;Tenda_1FD958;C16_FLEX_BTM;6;-89;0
c8:b3:73:01:fc:19;Fuck you Lannisters! Go Khaleesi;C9_AISLE9;12;-90;0
cc:34:29:4f:51:0e;MERCURY_4F510E;C1_AISLE1;6;-89;0
d8:24:bd:4f:cf:10;eduroam;C14_PLEA;9;-80;0
d8:24:bd:4f:cf:10;eduroam;C15_MTG;37;-78,54054054;1,937848099
d8:24:bd:4f:cf:10;eduroam;C3_AISLE3;19;-80,31578947;3,590924232
d8:24:bd:4f:cf:10;eduroam;C4_AISLE4;6;-82;0
d8:24:bd:4f:cf:13;TUvisitor;C14_PLEA;10;-78,6;1,897366596
d8:24:bd:4f:cf:13;TUvisitor;C15_MTG;47;-81,76595745;2,40662822
d8:24:bd:4f:cf:13;TUvisitor;C3_AISLE3;10;-81,9;3,478505426
d8:24:bd:4f:cf:13;TUvisitor;C4_AISLE4;32;-75,375;4,982226475
d8:24:bd:4f:cf:14;tudelft-dastud;C14_PLEA;9;-77;0
d8:24:bd:4f:cf:14;tudelft-dastud;C15_MTG;30;-79,03333333;1,629117242
d8:24:bd:4f:cf:14;tudelft-dastud;C3_AISLE3;10;-79,4;1,897366596
d8:24:bd:4f:cf:14;tudelft-dastud;C4_AISLE4;51;-78,31372549;2,709171062
d8:24:bd:4f:cf:16;Conferentie-TUD;C14_PLEA;49;-81,51020408;0,938137538
d8:24:bd:4f:cf:16;Conferentie-TUD;C15_MTG;84;-79,25;2,023208712
d8:24:bd:4f:cf:16;Conferentie-TUD;C3_AISLE3;33;-80;2,704163457
d8:24:bd:4f:cf:16;Conferentie-TUD;C4_AISLE4;45;-76;4,145095678
d8:24:bd:4f:cf:16;Conferentie-TUD;C5_AISLE5;9;-81;0
d8:24:bd:4f:cf:16;Conferentie-TUD;C8_AISLE8;1;-80;
d8:24:bd:4f:cf:19;Conferentie-TUD;C15_MTG;23;-89;1,167748416
d8:24:bd:4f:cf:19;Conferentie-TUD;C4_AISLE4;11;-90,72727273;0,646669791
d8:24:bd:4f:cf:1b;tudelft-dastud;C15_MTG;21;-87,14285714;1,014185106
d8:24:bd:4f:cf:1c;TUvisitor;C15_MTG;21;-88,14285714;1,014185106
d8:24:bd:4f:cf:1f;eduroam;C15_MTG;21;-89;0,948683298
d8:5d:4c:65:25:2c;FAST_65252C;C16_FLEX_BTM;49;-86,36734694;1,933195515
d8:5d:4c:65:25:2c;FAST_65252C;C17_FLEX_TOP;45;-87,44444444;1,323829767
d8:5d:4c:65:25:2c;FAST_65252C;C9_AISLE9;6;-88;0
e4:ce:8f:05:f2:42;Fariborz's MacBook Pro;C10_AISLE10;12;-90;0
e4:ce:8f:05:f2:42;Fariborz's MacBook Pro;C9_AISLE9;1;-90;
ec:17:2f:8d:5f:e6;SC-PC_Network;C1_AISLE1;9;-90,22222222;0,666666667
ec:88:8f:de:1e:c6;Pls don't connect me!;C1_AISLE1;9;-90;0
ec:88:8f:de:1e:c6;Pls don't connect me!;C16_FLEX_BTM;12;-87,5;0,522232968
f8:1e:df:dd:d0:41;Happy-Geeks;C16_FLEX_BTM;6;-86;0
f8:d1:11:54:f3:ea;penthouse;C10_AISLE10;6;-89;0
f8:d1:11:ad:a5:06;thisisntthewifiyourelookingfor;C10_AISLE10;39;-86,30769231;3,138503215
f8:d1:11:ad:a5:06;thisisntthewifiyourelookingfor;C13_COFFEE;10;-92;0
f8:d1:11:ad:a5:06;thisisntthewifiyourelookingfor;C14_PLEA;9;-90;0
f8:d1:11:ad:a5:06;thisisntthewifiyourelookingfor;C8_AISLE8;1;-81;
f8:d1:11:ad:a5:06;thisisntthewifiyourelookingfor;C9_AISLE9;24;-84;1,97814142
