00:1b:90:76:d3:f0;C6_AISLE6;-43
00:1b:90:76:d3:f0;C6_AISLE6;-43
00:1b:90:76:d3:f0;C6_AISLE6;-43
00:1b:90:76:d3:f0;C6_AISLE6;-43
00:1b:90:76:d3:f0;C6_AISLE6;-43
00:1b:90:76:d3:f0;C6_AISLE6;-43
00:1b:90:76:d3:f0;C6_AISLE6;-44
00:1b:90:76:d3:f0;C6_AISLE6;-44
00:1b:90:76:d3:f0;C6_AISLE6;-44
00:1b:90:76:d3:f0;C6_AISLE6;-44
00:1b:90:76:d3:f0;C6_AISLE6;-44
00:1b:90:76:d3:f0;C6_AISLE6;-45
00:1b:90:76:d3:f0;C6_AISLE6;-45
00:1b:90:76:d3:f0;C6_AISLE6;-46
00:1b:90:76:d3:f0;C6_AISLE6;-46
00:1b:90:76:d3:f0;C6_AISLE6;-46
00:1b:90:76:d3:f0;C6_AISLE6;-46
00:1b:90:76:d3:f0;C6_AISLE6;-46
00:1b:90:76:d3:f0;C6_AISLE6;-47
00:1b:90:76:d3:f0;C6_AISLE6;-47
00:1b:90:76:d3:f0;C6_AISLE6;-48
00:1b:90:76:d3:f0;C6_AISLE6;-48
00:1b:90:76:d3:f0;C6_AISLE6;-48
00:1b:90:76:d3:f0;C6_AISLE6;-48
00:1b:90:76:d3:f0;C6_AISLE6;-48
00:1b:90:76:d3:f0;C6_AISLE6;-48
00:1b:90:76:d3:f0;C6_AISLE6;-49
00:1b:90:76:d3:f0;C6_AISLE6;-49
00:1b:90:76:d3:f0;C6_AISLE6;-49
00:1b:90:76:d3:f0;C6_AISLE6;-49
00:1b:90:76:d3:f0;C6_AISLE6;-49
00:1b:90:76:d3:f0;C6_AISLE6;-50
00:1b:90:76:d3:f0;C6_AISLE6;-50
00:1b:90:76:d3:f0;C6_AISLE6;-50
00:1b:90:76:d3:f0;C6_AISLE6;-51
00:1b:90:76:d3:f0;C6_AISLE6;-51
00:1b:90:76:d3:f0;C6_AISLE6;-51
00:1b:90:76:d3:f0;C6_AISLE6;-51
00:1b:90:76:d3:f0;C6_AISLE6;-51
00:1b:90:76:d3:f0;C6_AISLE6;-51
00:1b:90:76:d3:f0;C6_AISLE6;-51
00:1b:90:76:d3:f0;C6_AISLE6;-51
00:1b:90:76:d3:f0;C6_AISLE6;-51
00:1b:90:76:d3:f0;C6_AISLE6;-50
00:1b:90:76:d3:f0;C6_AISLE6;-50
00:1b:90:76:d3:f0;C6_AISLE6;-50
00:1b:90:76:d3:f0;C6_AISLE6;-50
00:1b:90:76:d3:f0;C6_AISLE6;-50
00:1b:90:76:d3:f0;C6_AISLE6;-51
00:1b:90:76:d3:f0;C6_AISLE6;-51
00:1b:90:76:d3:f0;C6_AISLE6;-51
00:1b:90:76:d3:f0;C6_AISLE6;-51
00:1b:90:76:d3:f0;C6_AISLE6;-51
00:1b:90:76:d3:f0;C6_AISLE6;-51
00:1b:90:76:d3:f0;C6_AISLE6;-51
00:1b:90:76:d3:f0;C6_AISLE6;-51
1c:aa:07:7b:28:00;C6_AISLE6;-78
00:1b:90:76:d3:f0;C6_AISLE6;-51
1c:aa:07:7b:28:00;C6_AISLE6;-78
00:1b:90:76:d3:f0;C6_AISLE6;-51
1c:aa:07:7b:28:00;C6_AISLE6;-78
00:1b:90:76:d3:f0;C6_AISLE6;-51
1c:aa:07:7b:28:00;C6_AISLE6;-78
00:1b:90:76:d3:f0;C6_AISLE6;-51
1c:aa:07:7b:28:00;C6_AISLE6;-78
00:1b:90:76:d3:f0;C6_AISLE6;-49
00:1b:90:76:d3:f0;C6_AISLE6;-49
1c:aa:07:7b:28:00;C6_AISLE6;-79
00:1b:90:76:d3:f0;C6_AISLE6;-48
1c:aa:07:7b:28:00;C6_AISLE6;-79
00:1b:90:76:d3:f0;C6_AISLE6;-48
1c:aa:07:7b:28:00;C6_AISLE6;-79
00:1b:90:76:d3:f0;C6_AISLE6;-48
1c:aa:07:7b:28:00;C6_AISLE6;-79
00:1b:90:76:d3:f0;C6_AISLE6;-47
1c:aa:07:7b:28:00;C6_AISLE6;-81
00:1b:90:76:d3:f0;C6_AISLE6;-47
1c:aa:07:7b:28:00;C6_AISLE6;-81
00:1b:90:76:d3:f0;C6_AISLE6;-47
1c:aa:07:7b:28:00;C6_AISLE6;-81
00:1b:90:76:d3:f0;C6_AISLE6;-47
1c:aa:07:7b:28:00;C6_AISLE6;-81
00:1b:90:76:d3:f0;C6_AISLE6;-47
1c:aa:07:7b:28:00;C6_AISLE6;-81
00:1b:90:76:d3:f0;C6_AISLE6;-47
1c:aa:07:7b:28:00;C6_AISLE6;-81
00:1b:90:76:d3:f0;C6_AISLE6;-47
1c:aa:07:7b:28:00;C6_AISLE6;-81
00:1b:90:76:d3:f0;C6_AISLE6;-47
1c:aa:07:7b:28:00;C6_AISLE6;-81
00:1b:90:76:d3:f0;C6_AISLE6;-47
1c:aa:07:7b:28:00;C6_AISLE6;-81
00:1b:90:76:d3:f0;C6_AISLE6;-47
00:1b:90:76:d3:f0;C6_AISLE6;-47
00:1b:90:76:d3:f0;C6_AISLE6;-47
00:1b:90:76:d3:f0;C6_AISLE6;-47
00:1b:90:76:d3:f0;C6_AISLE6;-47
00:1b:90:76:d3:f0;C6_AISLE6;-47
00:1b:90:76:d3:f0;C6_AISLE6;-47
00:1b:90:76:d3:f0;C6_AISLE6;-47
00:1b:90:76:d3:f0;C6_AISLE6;-46
00:1b:90:76:d3:f0;C6_AISLE6;-46
00:1b:90:76:d3:f0;C6_AISLE6;-46
00:1b:90:76:d3:f0;C6_AISLE6;-46
00:1b:90:76:d3:f0;C6_AISLE6;-46
00:1b:90:76:d3:f0;C6_AISLE6;-46
00:1b:90:76:d3:f0;C6_AISLE6;-46
00:1b:90:76:d3:f0;C6_AISLE6;-47
00:1b:90:76:d3:f0;C6_AISLE6;-47
00:1b:90:76:d3:f0;C6_AISLE6;-47
00:1b:90:76:d3:f0;C6_AISLE6;-47
00:1b:90:76:d3:f0;C6_AISLE6;-47
00:1b:90:76:d3:f0;C6_AISLE6;-47
00:1b:90:76:d3:f0;C6_AISLE6;-47
00:1b:90:76:d3:f0;C6_AISLE6;-48
00:1b:90:76:d3:f0;C6_AISLE6;-48
00:1b:90:76:d3:f0;C6_AISLE6;-49
00:1b:90:76:d3:f0;C6_AISLE6;-49
00:1b:90:76:d3:f0;C6_AISLE6;-49
00:1b:90:76:d3:f0;C6_AISLE6;-49
00:1b:90:76:d3:f0;C6_AISLE6;-49
00:1b:90:76:d3:f0;C6_AISLE6;-49
00:1b:90:76:d3:f0;C6_AISLE6;-50
00:1b:90:76:d3:f0;C6_AISLE6;-49
00:1b:90:76:d3:f0;C6_AISLE6;-49
00:1b:90:76:d3:f0;C6_AISLE6;-48
00:1b:90:76:d3:f0;C6_AISLE6;-48
00:1b:90:76:d3:f0;C6_AISLE6;-48
00:1b:90:76:d3:f0;C6_AISLE6;-47
00:1b:90:76:d3:f0;C6_AISLE6;-46
00:1b:90:76:d3:f0;C6_AISLE6;-46
00:1b:90:76:d3:f0;C6_AISLE6;-46
00:1b:90:76:d3:f0;C6_AISLE6;-46
00:1b:90:76:d3:f0;C6_AISLE6;-46
00:1b:90:76:d3:f0;C6_AISLE6;-46
00:1b:90:76:d3:f0;C6_AISLE6;-46
00:1b:90:76:d3:f0;C6_AISLE6;-46
00:1b:90:76:d3:f0;C6_AISLE6;-46
00:1b:90:76:d3:f0;C6_AISLE6;-50
1c:aa:07:7b:28:00;C6_AISLE6;-79
00:1b:90:76:d3:f0;C6_AISLE6;-50
00:1b:90:76:d3:f0;C6_AISLE6;-50
00:1b:90:76:d3:f0;C6_AISLE6;-49
00:1b:90:76:d3:f0;C6_AISLE6;-49
00:1b:90:76:d3:f0;C6_AISLE6;-49
00:1b:90:76:d3:f0;C6_AISLE6;-48
00:1b:90:76:d3:f0;C6_AISLE6;-48
00:1b:90:76:d3:f0;C6_AISLE6;-48
00:1b:90:76:d3:f0;C6_AISLE6;-48
00:1b:90:76:d3:f0;C6_AISLE6;-48
00:1b:90:76:d3:f0;C6_AISLE6;-48
00:1b:90:76:d3:f0;C6_AISLE6;-47
00:1b:90:76:d3:f0;C6_AISLE6;-46
00:1b:90:76:d3:f0;C6_AISLE6;-46
00:1b:90:76:d3:f0;C6_AISLE6;-45
00:1b:90:76:d3:f0;C6_AISLE6;-46
00:1b:90:76:d3:f0;C6_AISLE6;-46
00:1b:90:76:d3:f0;C6_AISLE6;-48
00:1b:90:76:d3:f0;C6_AISLE6;-48
00:1b:90:76:d3:f0;C6_AISLE6;-51
00:1b:90:76:d3:f0;C6_AISLE6;-51
00:1b:90:76:d3:f0;C6_AISLE6;-51
00:1b:90:76:d3:f0;C6_AISLE6;-49
00:1b:90:76:d3:f0;C6_AISLE6;-47
00:1b:90:76:d3:f0;C6_AISLE6;-46
00:1b:90:76:d3:f0;C6_AISLE6;-46
00:1b:90:76:d3:f0;C6_AISLE6;-47
00:1b:90:76:d3:f0;C6_AISLE6;-46
1c:aa:07:7b:28:00;C6_AISLE6;-79
00:1b:90:76:d3:f0;C6_AISLE6;-48
1c:aa:07:7b:28:00;C6_AISLE6;-79
00:1b:90:76:d3:f0;C6_AISLE6;-48
1c:aa:07:7b:28:00;C6_AISLE6;-79
00:1b:90:76:d3:f0;C6_AISLE6;-48
1c:aa:07:7b:28:00;C6_AISLE6;-79
00:1b:90:76:d3:f0;C6_AISLE6;-46
1c:aa:07:7b:28:00;C6_AISLE6;-79
00:1b:90:76:d3:f0;C6_AISLE6;-46
1c:aa:07:7b:28:00;C6_AISLE6;-79
00:1b:90:76:d3:f0;C6_AISLE6;-46
00:1b:90:76:d3:f0;C6_AISLE6;-47
00:1b:90:76:d3:f0;C6_AISLE6;-46
00:1b:90:76:d3:f0;C6_AISLE6;-47
00:1b:90:76:d3:f0;C6_AISLE6;-48
00:1b:90:76:d3:f0;C6_AISLE6;-49
00:1b:90:76:d3:f0;C6_AISLE6;-48
00:1b:90:76:d3:f0;C6_AISLE6;-48
00:1b:90:76:d3:f0;C6_AISLE6;-48
00:1b:90:76:d3:f0;C6_AISLE6;-48
00:1b:90:76:d3:f0;C6_AISLE6;-48
00:1b:90:76:d3:f0;C6_AISLE6;-47
00:1b:90:76:d3:f0;C6_AISLE6;-45
00:1b:90:76:d3:f0;C6_AISLE6;-45
00:1b:90:76:d3:f0;C6_AISLE6;-47
00:1b:90:76:d3:f0;C6_AISLE6;-47
00:1b:90:76:d3:f0;C6_AISLE6;-47
00:1b:90:76:d3:f0;C6_AISLE6;-47
00:1b:90:76:d3:f0;C6_AISLE6;-48
00:1b:90:76:d3:f0;C6_AISLE6;-47
00:1b:90:76:d3:f0;C6_AISLE6;-47
00:1b:90:76:d3:f0;C6_AISLE6;-48
00:1b:90:76:d3:f0;C6_AISLE6;-50
00:1b:90:76:d3:f0;C6_AISLE6;-50
00:1b:90:76:d3:f0;C6_AISLE6;-52
00:1b:90:76:d3:f0;C6_AISLE6;-51
00:1b:90:76:d3:f0;C7_AISLE7;-62
00:1b:90:76:d3:f0;C7_AISLE7;-62
00:1b:90:76:d3:f0;C7_AISLE7;-62
00:1b:90:76:d3:f0;C7_AISLE7;-62
00:1b:90:76:d3:f0;C7_AISLE7;-62
00:1b:90:76:d3:f0;C7_AISLE7;-62
00:1b:90:76:d3:f0;C7_AISLE7;-62
00:1b:90:76:d3:f0;C7_AISLE7;-62
00:1b:90:76:d3:f0;C7_AISLE7;-62
00:1b:90:76:d3:f0;C7_AISLE7;-61
00:1b:90:76:d3:f0;C7_AISLE7;-61
00:1b:90:76:d3:f0;C7_AISLE7;-60
00:1b:90:76:d3:f0;C7_AISLE7;-59
00:1b:90:76:d3:f0;C7_AISLE7;-59
00:1b:90:76:d3:f0;C7_AISLE7;-58
00:1b:90:76:d3:f0;C7_AISLE7;-58
00:1b:90:76:d3:f0;C7_AISLE7;-57
00:1b:90:76:d3:f0;C7_AISLE7;-57
00:1b:90:76:d3:f0;C7_AISLE7;-57
00:1b:90:76:d3:f0;C7_AISLE7;-57
00:1b:90:76:d3:f0;C7_AISLE7;-57
00:1b:90:76:d3:f0;C7_AISLE7;-56
00:1b:90:76:d3:f0;C7_AISLE7;-56
00:1b:90:76:d3:f0;C7_AISLE7;-56
00:1b:90:76:d3:f0;C7_AISLE7;-56
00:1b:90:76:d3:f0;C7_AISLE7;-56
00:1b:90:76:d3:f0;C7_AISLE7;-55
00:1b:90:76:d3:f0;C7_AISLE7;-55
00:1b:90:76:d3:f0;C7_AISLE7;-55
00:1b:90:76:d3:f0;C7_AISLE7;-56
00:1b:90:76:d3:f0;C7_AISLE7;-58
00:1b:90:76:d3:f0;C7_AISLE7;-58
00:1b:90:76:d3:f0;C7_AISLE7;-57
00:1b:90:76:d3:f0;C7_AISLE7;-57
1c:aa:07:7b:28:00;C7_AISLE7;-79
00:1b:90:76:d3:f0;C7_AISLE7;-57
1c:aa:07:7b:28:00;C7_AISLE7;-79
00:1b:90:76:d3:f0;C7_AISLE7;-57
1c:aa:07:7b:28:00;C7_AISLE7;-79
00:1b:90:76:d3:f0;C7_AISLE7;-57
1c:aa:07:7b:28:00;C7_AISLE7;-79
00:1b:90:76:d3:f0;C7_AISLE7;-57
1c:aa:07:7b:28:00;C7_AISLE7;-79
00:1b:90:76:d3:f0;C7_AISLE7;-57
1c:aa:07:7b:28:00;C7_AISLE7;-79
00:1b:90:76:d3:f0;C7_AISLE7;-57
1c:aa:07:7b:28:00;C7_AISLE7;-79
00:1b:90:76:d3:f0;C7_AISLE7;-57
1c:aa:07:7b:28:00;C7_AISLE7;-79
00:1b:90:76:d3:f0;C7_AISLE7;-58
1c:aa:07:7b:28:00;C7_AISLE7;-79
00:1b:90:76:d3:f0;C7_AISLE7;-58
00:1b:90:76:d3:f0;C7_AISLE7;-59
00:1b:90:76:d3:f0;C7_AISLE7;-59
00:1b:90:76:d3:f0;C7_AISLE7;-59
00:1b:90:76:d3:f0;C7_AISLE7;-60
00:1b:90:76:d3:f0;C7_AISLE7;-60
00:1b:90:76:d3:f0;C7_AISLE7;-59
00:1b:90:76:d3:f0;C7_AISLE7;-60
00:1b:90:76:d3:f0;C7_AISLE7;-60
00:1b:90:76:d3:f0;C7_AISLE7;-60
00:1b:90:76:d3:f0;C7_AISLE7;-60
00:1b:90:76:d3:f0;C7_AISLE7;-60
00:1b:90:76:d3:f0;C7_AISLE7;-59
00:1b:90:76:d3:f0;C7_AISLE7;-59
00:1b:90:76:d3:f0;C7_AISLE7;-57
00:1b:90:76:d3:f0;C7_AISLE7;-57
00:1b:90:76:d3:f0;C7_AISLE7;-56
00:1b:90:76:d3:f0;C7_AISLE7;-56
00:1b:90:76:d3:f0;C7_AISLE7;-66
00:1b:90:76:d3:f0;C7_AISLE7;-66
00:1b:90:76:d3:f0;C7_AISLE7;-66
00:1b:90:76:d3:f0;C7_AISLE7;-66
00:1b:90:76:d3:f0;C7_AISLE7;-66
00:1b:90:76:d3:f0;C7_AISLE7;-66
00:1b:90:76:d3:f0;C7_AISLE7;-66
00:1b:90:76:d3:f0;C7_AISLE7;-66
00:1b:90:76:d3:f0;C7_AISLE7;-66
00:1b:90:76:d3:f0;C7_AISLE7;-64
00:1b:90:76:d3:f0;C7_AISLE7;-64
00:1b:90:76:d3:f0;C7_AISLE7;-63
00:1b:90:76:d3:f0;C7_AISLE7;-62
00:1b:90:76:d3:f0;C7_AISLE7;-62
00:1b:90:76:d3:f0;C7_AISLE7;-62
00:1b:90:76:d3:f0;C7_AISLE7;-62
00:1b:90:76:d3:f0;C7_AISLE7;-62
00:1b:90:76:d3:f0;C7_AISLE7;-62
00:1b:90:76:d3:f0;C7_AISLE7;-62
00:1b:90:76:d3:f0;C7_AISLE7;-62
00:1b:90:76:d3:f0;C7_AISLE7;-61
00:1b:90:76:d3:f0;C7_AISLE7;-61
00:1b:90:76:d3:f0;C7_AISLE7;-61
00:1b:90:76:d3:f0;C7_AISLE7;-61
00:1b:90:76:d3:f0;C7_AISLE7;-61
00:1b:90:76:d3:f0;C7_AISLE7;-61
00:1b:90:76:d3:f0;C7_AISLE7;-61
00:1b:90:76:d3:f0;C7_AISLE7;-60
00:1b:90:76:d3:f0;C7_AISLE7;-60
00:1b:90:76:d3:f0;C7_AISLE7;-60
00:1b:90:76:d3:f0;C7_AISLE7;-60
00:1b:90:76:d3:f0;C7_AISLE7;-61
00:1b:90:76:d3:f0;C7_AISLE7;-61
00:1b:90:76:d3:f0;C7_AISLE7;-60
00:1b:90:76:d3:f0;C7_AISLE7;-60
00:1b:90:76:d3:f0;C7_AISLE7;-59
00:1b:90:76:d3:f0;C7_AISLE7;-58
00:1b:90:76:d3:f0;C7_AISLE7;-58
00:1b:90:76:d3:f0;C7_AISLE7;-57
00:1b:90:76:d3:f0;C7_AISLE7;-57
00:1b:90:76:d3:f0;C7_AISLE7;-57
00:1b:90:76:d3:f0;C7_AISLE7;-57
00:1b:90:76:d3:f0;C7_AISLE7;-57
00:1b:90:76:d3:f0;C7_AISLE7;-57
00:1b:90:76:d3:f0;C7_AISLE7;-58
00:1b:90:76:d3:f0;C7_AISLE7;-58
00:1b:90:76:d3:f0;C7_AISLE7;-58
00:1b:90:76:d3:f0;C7_AISLE7;-59
00:1b:90:76:d3:f0;C7_AISLE7;-59
00:1b:90:76:d3:f0;C7_AISLE7;-59
00:1b:90:76:d3:f0;C7_AISLE7;-59
00:1b:90:76:d3:f0;C7_AISLE7;-59
00:1b:90:76:d3:f0;C7_AISLE7;-59
00:1b:90:76:d3:f0;C7_AISLE7;-59
00:1b:90:76:d3:f0;C7_AISLE7;-60
00:1b:90:76:d3:f0;C7_AISLE7;-60
00:1b:90:76:d3:f0;C7_AISLE7;-59
00:1b:90:76:d3:f0;C7_AISLE7;-59
00:1b:90:76:d3:f0;C7_AISLE7;-59
00:1b:90:76:d3:f0;C7_AISLE7;-59
00:1b:90:76:d3:f0;C7_AISLE7;-64
00:1b:90:76:d3:f0;C7_AISLE7;-64
00:1b:90:76:d3:f0;C7_AISLE7;-64
00:1b:90:76:d3:f0;C7_AISLE7;-64
00:1b:90:76:d3:f0;C7_AISLE7;-63
00:1b:90:76:d3:f0;C7_AISLE7;-63
00:1b:90:76:d3:f0;C7_AISLE7;-63
00:1b:90:76:d3:f0;C7_AISLE7;-63
00:1b:90:76:d3:f0;C7_AISLE7;-62
00:1b:90:76:d3:f0;C7_AISLE7;-62
00:1b:90:76:d3:f0;C7_AISLE7;-60
00:1b:90:76:d3:f0;C7_AISLE7;-60
00:1b:90:76:d3:f0;C7_AISLE7;-59
00:1b:90:76:d3:f0;C7_AISLE7;-59
00:1b:90:76:d3:f0;C7_AISLE7;-59
00:1b:90:76:d3:f0;C7_AISLE7;-59
00:1b:90:76:d3:f0;C7_AISLE7;-59
00:1b:90:76:d3:f0;C7_AISLE7;-58
00:1b:90:76:d3:f0;C7_AISLE7;-58
00:1b:90:76:d3:f0;C7_AISLE7;-58
00:1b:90:76:d3:f0;C7_AISLE7;-58
00:1b:90:76:d3:f0;C7_AISLE7;-58
00:1b:90:76:d3:f0;C7_AISLE7;-58
00:1b:90:76:d3:f0;C7_AISLE7;-58
00:1b:90:76:d3:f0;C7_AISLE7;-58
00:1b:90:76:d3:f0;C7_AISLE7;-57
00:1b:90:76:d3:f0;C7_AISLE7;-57
00:1b:90:76:d3:f0;C7_AISLE7;-57
00:1b:90:76:d3:f0;C7_AISLE7;-57
00:1b:90:76:d3:f0;C7_AISLE7;-58
00:1b:90:76:d3:f0;C7_AISLE7;-58
00:1b:90:76:d3:f0;C7_AISLE7;-57
00:1b:90:76:d3:f0;C7_AISLE7;-57
00:1b:90:76:d3:f0;C7_AISLE7;-57
00:1b:90:76:d3:f0;C7_AISLE7;-55
00:1b:90:76:d3:f0;C7_AISLE7;-55
00:1b:90:76:d3:f0;C7_AISLE7;-54
00:1b:90:76:d3:f0;C7_AISLE7;-54
00:1b:90:76:d3:f0;C7_AISLE7;-54
00:1b:90:76:d3:f0;C7_AISLE7;-54
00:1b:90:76:d3:f0;C7_AISLE7;-53
00:1b:90:76:d3:f0;C7_AISLE7;-53
00:1b:90:76:d3:f0;C7_AISLE7;-53
00:1b:90:76:d3:f0;C7_AISLE7;-53
00:1b:90:76:d3:f0;C7_AISLE7;-53
00:1b:90:76:d3:f0;C7_AISLE7;-54
00:1b:90:76:d3:f0;C7_AISLE7;-54
00:1b:90:76:d3:f0;C7_AISLE7;-54
00:1b:90:76:d3:f0;C7_AISLE7;-54
00:1b:90:76:d3:f0;C7_AISLE7;-55
00:1b:90:76:d3:f0;C7_AISLE7;-55
00:1b:90:76:d3:f0;C7_AISLE7;-55
00:1b:90:76:d3:f0;C7_AISLE7;-55
00:1b:90:76:d3:f0;C7_AISLE7;-55
00:1b:90:76:d3:f0;C7_AISLE7;-55
00:1b:90:76:d3:f0;C7_AISLE7;-55
00:1b:90:76:d3:f0;C7_AISLE7;-55
00:1b:90:76:d3:f0;C7_AISLE7;-55
00:1b:90:76:d3:f0;C7_AISLE7;-55
00:1b:90:76:d3:f0;C7_AISLE7;-54
00:1b:90:76:d3:f0;C7_AISLE7;-64
00:1b:90:76:d3:f0;C7_AISLE7;-62
00:1b:90:76:d3:f0;C7_AISLE7;-62
00:1b:90:76:d3:f0;C7_AISLE7;-62
00:1b:90:76:d3:f0;C7_AISLE7;-62
00:1b:90:76:d3:f0;C7_AISLE7;-62
00:1b:90:76:d3:f0;C7_AISLE7;-62
00:1b:90:76:d3:f0;C7_AISLE7;-62
00:1b:90:76:d3:f0;C7_AISLE7;-62
00:1b:90:76:d3:f0;C7_AISLE7;-62
00:1b:90:76:d3:f0;C7_AISLE7;-62
00:1b:90:76:d3:f0;C7_AISLE7;-62
00:1b:90:76:d3:f0;C7_AISLE7;-62
00:1b:90:76:d3:f0;C7_AISLE7;-62
00:1b:90:76:d3:f0;C7_AISLE7;-62
00:1b:90:76:d3:f0;C7_AISLE7;-62
00:1b:90:76:d3:f0;C7_AISLE7;-62
00:1b:90:76:d3:f0;C7_AISLE7;-62
00:1b:90:76:d3:f0;C7_AISLE7;-62
00:1b:90:76:d3:f0;C7_AISLE7;-62
00:1b:90:76:d3:f0;C7_AISLE7;-61
00:1b:90:76:d3:f0;C7_AISLE7;-61
00:1b:90:76:d3:f0;C7_AISLE7;-61
00:1b:90:76:d3:f0;C7_AISLE7;-61
00:1b:90:76:d3:f0;C7_AISLE7;-61
00:1b:90:76:d3:f0;C7_AISLE7;-61
00:1b:90:76:d3:f0;C7_AISLE7;-61
00:1b:90:76:d3:f0;C7_AISLE7;-59
00:1b:90:76:d3:f0;C7_AISLE7;-59
00:1b:90:76:d3:f0;C7_AISLE7;-59
00:1b:90:76:d3:f0;C7_AISLE7;-59
00:1b:90:76:d3:f0;C7_AISLE7;-59
00:1b:90:76:d3:f0;C7_AISLE7;-57
00:1b:90:76:d3:f0;C7_AISLE7;-56
00:1b:90:76:d3:f0;C7_AISLE7;-55
00:1b:90:76:d3:f0;C7_AISLE7;-52
00:1b:90:76:d3:f0;C7_AISLE7;-50
00:1b:90:76:d3:f0;C7_AISLE7;-50
00:1b:90:76:d3:f0;C7_AISLE7;-49
00:1b:90:76:d3:f0;C7_AISLE7;-51
00:1b:90:76:d3:f0;C7_AISLE7;-52
00:1b:90:76:d3:f0;C7_AISLE7;-53
00:1b:90:76:d3:f0;C7_AISLE7;-55
00:1b:90:76:d3:f0;C7_AISLE7;-56
00:1b:90:76:d3:f0;C7_AISLE7;-58
00:1b:90:76:d3:f0;C7_AISLE7;-60
00:1b:90:76:d3:f0;C7_AISLE7;-60
00:1b:90:76:d3:f0;C7_AISLE7;-60
00:1b:90:76:d3:f0;C7_AISLE7;-61
00:1b:90:76:d3:f0;C7_AISLE7;-61
00:1b:90:76:d3:f0;C7_AISLE7;-61
00:1b:90:76:d3:f0;C7_AISLE7;-61
00:1b:90:76:d3:f0;C7_AISLE7;-61
00:1b:90:76:d3:f0;C7_AISLE7;-60
00:1b:90:76:d3:f0;C7_AISLE7;-60
00:1b:90:76:d3:f0;C7_AISLE7;-59
1c:aa:07:7b:28:00;C7_AISLE7;-79
00:1b:90:76:d3:f0;C7_AISLE7;-59
1c:aa:07:7b:28:00;C7_AISLE7;-79
00:1b:90:76:d3:f0;C7_AISLE7;-58
1c:aa:07:7b:28:00;C7_AISLE7;-79
00:1b:90:76:d3:f0;C7_AISLE7;-55
1c:aa:07:7b:28:00;C7_AISLE7;-79
00:1b:90:76:d3:f0;C7_AISLE7;-52
1c:aa:07:7b:28:00;C7_AISLE7;-79
